date,TargetXGB_scale
2016-01-01 0:00,-120.9839093
2016-01-02 0:00,-0.581430482
2016-01-03 0:00,136.1775456
2016-01-04 0:00,360.2800172
2016-01-05 0:00,-224.9305991
2016-01-06 0:00,322.9101575
2016-01-07 0:00,201.0960054
2016-01-08 0:00,-25.07810177
2016-01-09 0:00,-146.305646
2016-01-10 0:00,-197.8095137
2016-01-11 0:00,53.07014461
2016-01-12 0:00,52.87140352
2016-01-13 0:00,-108.1953617
2016-01-14 0:00,-79.1677306
2016-01-15 0:00,-501.8104769
2016-01-16 0:00,-314.5868688
2016-01-17 0:00,-778.0635129
2016-01-18 0:00,-22.28959987
2016-01-19 0:00,-175.9803144
2016-01-20 0:00,463.2482971
2016-01-21 0:00,778.9404633
2016-01-22 0:00,389.3754817
2016-01-23 0:00,-67.32701448
2016-01-24 0:00,-294.341134
2016-01-25 0:00,56.21537165
2016-01-26 0:00,179.4460638
2016-01-27 0:00,-192.9440373
2016-01-28 0:00,320.2075788
2016-01-29 0:00,55.41774029
2016-01-30 0:00,-199.470262
2016-01-31 0:00,-124.2232141
2016-02-01 0:00,124.1371491
2016-02-02 0:00,2156.513133
2016-02-03 0:00,-293.8952511
2016-02-04 0:00,-49.849598
2016-02-05 0:00,-396.820295
2016-02-06 0:00,-659.0130104
2016-02-07 0:00,-224.1091236
2016-02-08 0:00,-10.35222849
2016-02-09 0:00,-1.777864825
2016-02-10 0:00,53.74029573
2016-02-11 0:00,491.1407355
2016-02-12 0:00,-515.3509984
2016-02-13 0:00,-285.4698937
2016-02-14 0:00,-290.9645806
2016-02-15 0:00,-478.4143182
2016-02-16 0:00,-89.82766489
2016-02-17 0:00,-122.3926438
2016-02-18 0:00,-381.675073
2016-02-19 0:00,203.4728072
2016-02-20 0:00,31.03474328
2016-02-21 0:00,1225.513839
2016-02-22 0:00,392.4566707
2016-02-23 0:00,-113.7601852
2016-02-24 0:00,-59.19488701
2016-02-25 0:00,719.0055937
2016-02-26 0:00,-136.4851172
2016-02-27 0:00,637.8610605
2016-02-28 0:00,50.50048522
2016-02-29 0:00,-26.94538383
2016-03-01 0:00,50.23260297
2016-03-02 0:00,-77.72570169
2016-03-03 0:00,-226.9675875
2016-03-04 0:00,-25.1170124
2016-03-05 0:00,-0.330091815
2016-03-06 0:00,-176.5761403
2016-03-07 0:00,980.6469036
2016-03-08 0:00,706.144552
2016-03-09 0:00,-105.8339836
2016-03-10 0:00,-150.6826605
2016-03-11 0:00,-98.27949038
2016-03-12 0:00,184.4187139
2016-03-13 0:00,886.7420176
2016-03-14 0:00,1358.328613
2016-03-15 0:00,-121.4247067
2016-03-16 0:00,-216.9468657
2016-03-17 0:00,1397.115732
2016-03-18 0:00,-125.6448106
2016-03-19 0:00,34.61960514
2016-03-20 0:00,-272.0037194
2016-03-21 0:00,373.524444
2016-03-22 0:00,-327.4529632
2016-03-23 0:00,-157.1087357
2016-03-24 0:00,35.42717694
2016-03-25 0:00,-20.98626338
2016-03-26 0:00,35.63810325
2016-03-27 0:00,-146.3591243
2016-03-28 0:00,-499.5738498
2016-03-29 0:00,38.78479375
2016-03-30 0:00,-748.1983169
2016-03-31 0:00,41.73290028
2016-04-01 0:00,-119.0823138
2016-04-02 0:00,459.0350736
2016-04-03 0:00,-217.2364697
2016-04-04 0:00,615.118045
2016-04-05 0:00,2196.753938
2016-04-06 0:00,-88.09122755
2016-04-07 0:00,650.9892025
2016-04-08 0:00,26.35442032
2016-04-09 0:00,-416.3211972
2016-04-10 0:00,-335.6169379
2016-04-11 0:00,1231.611064
2016-04-12 0:00,-89.51846234
2016-04-13 0:00,250.8479872
2016-04-14 0:00,155.7227151
2016-04-15 0:00,-220.3723252
2016-04-16 0:00,-104.1408289
2016-04-17 0:00,815.0806296
2016-04-18 0:00,-642.1434136
2016-04-19 0:00,-365.5901776
2016-04-20 0:00,25.63750773
2016-04-21 0:00,196.8564412
2016-04-22 0:00,-167.5149788
2016-04-23 0:00,-603.9806652
2016-04-24 0:00,289.8120035
2016-04-25 0:00,-321.2720955
2016-04-26 0:00,540.7101861
2016-04-27 0:00,-324.335222
2016-04-28 0:00,68.26063662
2016-04-29 0:00,-540.6514301
2016-04-30 0:00,-242.2797196
2016-05-01 0:00,343.2606934
2016-05-02 0:00,-384.6842685
2016-05-03 0:00,-141.7026908
2016-05-04 0:00,-191.420578
2016-05-05 0:00,-122.0979111
2016-05-06 0:00,-173.1474696
2016-05-07 0:00,-312.6959761
2016-05-08 0:00,-584.3718713
2016-05-09 0:00,37.94698605
2016-05-10 0:00,645.2701821
2016-05-11 0:00,372.1146987
2016-05-12 0:00,-375.5693556
2016-05-13 0:00,-3.007156069
2016-05-14 0:00,-589.5791197
2016-05-15 0:00,-99.74476039
2016-05-16 0:00,-232.4632328
2016-05-17 0:00,-170.1919286
2016-05-18 0:00,-302.9978897
2016-05-19 0:00,-306.1744727
2016-05-20 0:00,-334.680044
2016-05-21 0:00,1114.989496
2016-05-22 0:00,-212.0478295
2016-05-23 0:00,-807.0672778
2016-05-24 0:00,178.7359978
2016-05-25 0:00,43.52665469
2016-05-26 0:00,-205.5711014
2016-05-27 0:00,161.2275015
2016-05-28 0:00,-448.448635
2016-05-29 0:00,-1108.97556
2016-05-30 0:00,326.9124138
2016-05-31 0:00,-794.8177855
2016-06-01 0:00,-190.3418292
2016-06-02 0:00,-5.446964987
2016-06-03 0:00,-450.4978315
2016-06-04 0:00,-297.6637374
2016-06-05 0:00,169.4478332
2016-06-06 0:00,414.2251613
2016-06-07 0:00,451.2696406
2016-06-08 0:00,-274.3805612
2016-06-09 0:00,13.22463411
2016-06-10 0:00,-319.5687436
2016-06-11 0:00,380.5282954
2016-06-12 0:00,55.32872687
2016-06-13 0:00,614.7560607
2016-06-14 0:00,210.8414646
2016-06-15 0:00,-490.6622548
2016-06-16 0:00,-126.4637664
2016-06-17 0:00,-603.0119858
2016-06-18 0:00,-124.2236717
2016-06-19 0:00,228.9714216
2016-06-20 0:00,-93.6985602
2016-06-21 0:00,532.7271438
2016-06-22 0:00,-167.8321591
2016-06-23 0:00,-359.7712146
2016-06-24 0:00,-422.9423467
2016-06-25 0:00,9.054495035
2016-06-26 0:00,230.8555345
2016-06-27 0:00,387.7146288
2016-06-28 0:00,-87.46452954
2016-06-29 0:00,610.0282023
2016-06-30 0:00,-72.83988416
2016-07-01 0:00,-164.5473756
2016-07-02 0:00,551.5138534
2016-07-03 0:00,-597.2941901
2016-07-04 0:00,573.9344478
2016-07-05 0:00,277.0063173
2016-07-06 0:00,31.63245427
2016-07-07 0:00,83.64082057
2016-07-08 0:00,-657.9670221
2016-07-09 0:00,-147.6530464
2016-07-10 0:00,34.49699722
2016-07-11 0:00,-147.4211488
2016-07-12 0:00,3.687541549
2016-07-13 0:00,120.2491558
2016-07-14 0:00,34.56582698
2016-07-15 0:00,-147.2314254
2016-07-16 0:00,35.05509868
2016-07-17 0:00,-724.1185372
2016-07-18 0:00,588.4080093
2016-07-19 0:00,-170.1326731
2016-07-20 0:00,-145.4771378
2016-07-21 0:00,22.36399234
2016-07-22 0:00,-523.9604379
2016-07-23 0:00,-44.79622135
2016-07-24 0:00,-466.4110944
2016-07-25 0:00,768.874177
2016-07-26 0:00,453.057858
2016-07-27 0:00,-225.7819976
2016-07-28 0:00,-220.7251496
2016-07-29 0:00,38.79953247
2016-07-30 0:00,-135.8451981
2016-07-31 0:00,-131.2828381
2016-08-01 0:00,-67.8752996
2016-08-02 0:00,-36.3936612
2016-08-03 0:00,-132.910125
2016-08-04 0:00,-251.2092295
2016-08-05 0:00,-435.6014183
2016-08-06 0:00,-151.3415027
2016-08-07 0:00,192.8718867
2016-08-08 0:00,524.2527875
2016-08-09 0:00,-299.4335024
2016-08-10 0:00,427.0358001
2016-08-11 0:00,-142.7120727
2016-08-12 0:00,-153.5518264
2016-08-13 0:00,183.7043255
2016-08-14 0:00,239.8754346
2016-08-15 0:00,65.50759005
2016-08-16 0:00,-42.64315854
2016-08-17 0:00,39.17187585
2016-08-18 0:00,39.55454811
2016-08-19 0:00,-190.608744
2016-08-20 0:00,-111.5523655
2016-08-21 0:00,-323.7549324
2016-08-22 0:00,-568.3180774
2016-08-23 0:00,-33.62914814
2016-08-24 0:00,-319.4311702
2016-08-25 0:00,576.1942945
2016-08-26 0:00,-139.6005186
2016-08-27 0:00,-529.3787005
2016-08-28 0:00,44.88395323
2016-08-29 0:00,-18.32958433
2016-08-30 0:00,-224.3619207
2016-08-31 0:00,147.9901393
2016-09-01 0:00,-228.6505583
2016-09-02 0:00,46.99358941
2016-09-03 0:00,-297.9936013
2016-09-04 0:00,-207.2879543
2016-09-05 0:00,48.64840966
2016-09-06 0:00,-383.3296801
2016-09-07 0:00,-616.8163974
2016-09-08 0:00,275.5425748
2016-09-09 0:00,-503.1754039
2016-09-10 0:00,53.82880591
2016-09-11 0:00,541.2474841
2016-09-12 0:00,286.4508001
2016-09-13 0:00,-564.0967485
2016-09-14 0:00,-245.2560304
2016-09-15 0:00,-219.0433368
2016-09-16 0:00,777.7261474
2016-09-17 0:00,742.4589378
2016-09-18 0:00,-241.5224655
2016-09-19 0:00,46.36683478
2016-09-20 0:00,-154.8279317
2016-09-21 0:00,387.6989288
2016-09-22 0:00,215.1693995
2016-09-23 0:00,-410.6259451
2016-09-24 0:00,-310.3736607
2016-09-25 0:00,-129.6744051
2016-09-26 0:00,-656.6080984
2016-09-27 0:00,-482.8622173
2016-09-28 0:00,43.85543819
2016-09-29 0:00,125.1459316
2016-09-30 0:00,-348.8514377
2016-10-01 0:00,495.4129533
2016-10-02 0:00,548.7663663
2016-10-03 0:00,-305.3338584
2016-10-04 0:00,91.22857067
2016-10-05 0:00,-59.32721406
2016-10-06 0:00,-177.7343385
2016-10-07 0:00,433.615376
2016-10-08 0:00,-91.77419392
2016-10-09 0:00,-346.192191
2016-10-10 0:00,-134.612398
2016-10-11 0:00,-177.8352197
2016-10-12 0:00,-349.6441614
2016-10-13 0:00,-3.459872575
2016-10-14 0:00,637.6536226
2016-10-15 0:00,-729.8142821
2016-10-16 0:00,426.5096323
2016-10-17 0:00,564.746126
2016-10-18 0:00,248.1485859
2016-10-19 0:00,-287.5549582
2016-10-20 0:00,475.5715342
2016-10-21 0:00,-17.04596029
2016-10-22 0:00,-184.0811872
2016-10-23 0:00,300.5014352
2016-10-24 0:00,654.581681
2016-10-25 0:00,176.3454655
2016-10-26 0:00,-234.7340106
2016-10-27 0:00,-429.0715774
2016-10-28 0:00,-542.0002187
2016-10-29 0:00,585.7176409
2016-10-30 0:00,-825.1542368
2016-10-31 0:00,-414.2835685
2016-11-01 0:00,-238.0024285
2016-11-02 0:00,621.951915
2016-11-03 0:00,101.7559465
2016-11-04 0:00,-200.7855435
2016-11-05 0:00,50.15898024
2016-11-06 0:00,-277.5909905
2016-11-07 0:00,-267.3448756
2016-11-08 0:00,-287.323248
2016-11-09 0:00,-187.4401908
2016-11-10 0:00,-290.5879894
2016-11-11 0:00,-121.9921762
2016-11-12 0:00,-157.7172738
2016-11-13 0:00,-204.9314835
2016-11-14 0:00,2109.26083
2016-11-15 0:00,-36.85339314
2016-11-16 0:00,1697.526153
2016-11-17 0:00,-1151.070076
2016-11-18 0:00,-407.5351805
2016-11-19 0:00,-597.0838639
2016-11-20 0:00,295.696179
2016-11-21 0:00,119.9837384
2016-11-22 0:00,173.8364949
2016-11-23 0:00,-421.4047548
2016-11-24 0:00,-197.0483684
2016-11-25 0:00,-387.7269871
2016-11-26 0:00,1145.613927
2016-11-27 0:00,-63.35611632
2016-11-28 0:00,120.7718631
2016-11-29 0:00,-666.1033325
2016-11-30 0:00,-45.09104105
2016-12-01 0:00,-131.0686301
2016-12-02 0:00,1613.658759
2016-12-03 0:00,-200.6327309
2016-12-04 0:00,30.34861569
2016-12-05 0:00,-845.7624178
2016-12-06 0:00,-254.3516781
2016-12-07 0:00,-32.43558244
2016-12-08 0:00,52.05128438
2016-12-09 0:00,-278.3891546
2016-12-10 0:00,-409.8362427
2016-12-11 0:00,55.09308776
2016-12-12 0:00,-178.8306345
2016-12-13 0:00,-112.1434915
2016-12-14 0:00,-201.2135723
2016-12-15 0:00,-277.3655992
2016-12-16 0:00,-51.85251877
2016-12-17 0:00,-124.2531896
2016-12-18 0:00,-237.9572296
2016-12-19 0:00,59.76974598
2016-12-20 0:00,59.4957918
2016-12-21 0:00,-210.131481
2016-12-22 0:00,-18.9142095
2016-12-23 0:00,-320.9711824
2016-12-24 0:00,-639.6481696
2016-12-25 0:00,-331.5597955
2016-12-26 0:00,169.1549602
2016-12-27 0:00,-383.0287473
2016-12-28 0:00,624.0689725
2016-12-29 0:00,400.3428414
2016-12-30 0:00,-647.8125632
2016-12-31 0:00,600.0455874
2017-01-01 0:00,5.426695545
2017-01-02 0:00,-158.3512731
2017-01-03 0:00,-30.19044246
2017-01-04 0:00,-210.8703896
2017-01-05 0:00,224.5696515
2017-01-06 0:00,-130.9628872
2017-01-07 0:00,466.2894263
2017-01-08 0:00,474.2681872
2017-01-09 0:00,-187.4924526
2017-01-10 0:00,57.76414098
2017-01-11 0:00,57.54862632
2017-01-12 0:00,606.4909184
2017-01-13 0:00,227.316845
2017-01-14 0:00,-489.4351329
2017-01-15 0:00,30.51104857
2017-01-16 0:00,1575.148498
2017-01-17 0:00,-32.81034825
2017-01-18 0:00,1372.902653
2017-01-19 0:00,32.6701973
2017-01-20 0:00,27.16909194
2017-01-21 0:00,-255.4128597
2017-01-22 0:00,-75.5430095
2017-01-23 0:00,-161.3540266
2017-01-24 0:00,44.69003158
2017-01-25 0:00,-144.0163627
2017-01-26 0:00,-197.4188229
2017-01-27 0:00,-420.3131845
2017-01-28 0:00,48.78572399
2017-01-29 0:00,-200.4067533
2017-01-30 0:00,-126.8280495
2017-01-31 0:00,-109.2463945
2017-02-01 0:00,4.528070392
2017-02-02 0:00,360.7918778
2017-02-03 0:00,-46.28264458
2017-02-04 0:00,187.6429303
2017-02-05 0:00,-644.5603979
2017-02-06 0:00,-219.3886889
2017-02-07 0:00,248.3055627
2017-02-08 0:00,-3.188372899
2017-02-09 0:00,51.10211209
2017-02-10 0:00,763.9020603
2017-02-11 0:00,78.1509566
2017-02-12 0:00,1072.162953
2017-02-13 0:00,-295.9686515
2017-02-14 0:00,-479.2292138
2017-02-15 0:00,495.9737147
2017-02-16 0:00,-133.7620242
2017-02-17 0:00,-387.2298633
2017-02-18 0:00,-40.4033996
2017-02-19 0:00,17.43240183
2017-02-20 0:00,-107.3876444
2017-02-21 0:00,39.95956841
2017-02-22 0:00,-116.4739025
2017-02-23 0:00,393.7107835
2017-02-24 0:00,-65.2009987
2017-02-25 0:00,619.0642043
2017-02-26 0:00,31.78750157
2017-02-27 0:00,44.96872811
2017-02-28 0:00,-30.73072096
2017-03-01 0:00,44.74886246
2017-03-02 0:00,257.5095384
2017-03-03 0:00,-227.7784581
2017-03-04 0:00,-30.41090474
2017-03-05 0:00,-6.151042052
2017-03-06 0:00,-178.4532601
2017-03-07 0:00,-403.6241745
2017-03-08 0:00,33.6843523
2017-03-09 0:00,656.5100944
2017-03-10 0:00,-147.2833354
2017-03-11 0:00,-96.06031569
2017-03-12 0:00,566.6541497
2017-03-13 0:00,-491.299216
2017-03-14 0:00,-103.7737392
2017-03-15 0:00,531.995175
2017-03-16 0:00,-203.953613
2017-03-17 0:00,17.54338199
2017-03-18 0:00,-108.511556
2017-03-19 0:00,48.11319535
2017-03-20 0:00,85.18449774
2017-03-21 0:00,39.96152238
2017-03-22 0:00,-306.0788913
2017-03-23 0:00,-139.617525
2017-03-24 0:00,48.55978481
2017-03-25 0:00,-6.658999517
2017-03-26 0:00,48.64205465
2017-03-27 0:00,-129.3684921
2017-03-28 0:00,-474.8087565
2017-03-29 0:00,51.47158782
2017-03-30 0:00,-718.0759404
2017-03-31 0:00,54.16090187
2017-04-01 0:00,-103.1358596
2017-04-02 0:00,-110.6006845
2017-04-03 0:00,284.9213873
2017-04-04 0:00,272.0675407
2017-04-05 0:00,5.135947011
2017-04-06 0:00,197.5517999
2017-04-07 0:00,38.48462745
2017-04-08 0:00,52.21920154
2017-04-09 0:00,-380.7335037
2017-04-10 0:00,-301.9837791
2017-04-11 0:00,-400.6235313
2017-04-12 0:00,252.6913923
2017-04-13 0:00,50.66737882
2017-04-14 0:00,52.72024096
2017-04-15 0:00,84.3499237
2017-04-16 0:00,-69.98781296
2017-04-17 0:00,-286.8527337
2017-04-18 0:00,367.338693
2017-04-19 0:00,893.1274554
2017-04-20 0:00,51.48653486
2017-04-21 0:00,-5.467015508
2017-04-22 0:00,-136.5759158
2017-04-23 0:00,606.3903694
2017-04-24 0:00,463.2118315
2017-04-25 0:00,-293.3020868
2017-04-26 0:00,-114.3259734
2017-04-27 0:00,38.48376948
2017-04-28 0:00,659.725183
2017-04-29 0:00,-509.2823427
2017-04-30 0:00,119.2556221
2017-05-01 0:00,40.52866338
2017-05-02 0:00,154.6209362
2017-05-03 0:00,-122.0431159
2017-05-04 0:00,407.1953598
2017-05-05 0:00,-105.6653171
2017-05-06 0:00,33.5356556
2017-05-07 0:00,-293.0340728
2017-05-08 0:00,-558.7599904
2017-05-09 0:00,49.61049891
2017-05-10 0:00,-110.188361
2017-05-11 0:00,42.67831116
2017-05-12 0:00,-349.8691957
2017-05-13 0:00,103.975786
2017-05-14 0:00,-559.7210062
2017-05-15 0:00,-388.8593312
2017-05-16 0:00,-209.3725857
2017-05-17 0:00,690.6503249
2017-05-18 0:00,-282.3299423
2017-05-19 0:00,475.4207772
2017-05-20 0:00,164.6702997
2017-05-21 0:00,-157.2273391
2017-05-22 0:00,-193.5342039
2017-05-23 0:00,-775.4112937
2017-05-24 0:00,-38.11308791
2017-05-25 0:00,57.11190952
2017-05-26 0:00,-186.5102969
2017-05-27 0:00,-135.6408267
2017-05-28 0:00,-422.7350491
2017-05-29 0:00,497.7939628
2017-05-30 0:00,-329.2783717
2017-05-31 0:00,-765.8126842
2017-06-01 0:00,-174.9038072
2017-06-02 0:00,-505.7084112
2017-06-03 0:00,-427.0883899
2017-06-04 0:00,480.6128651
2017-06-05 0:00,827.538084
2017-06-06 0:00,-344.4263948
2017-06-07 0:00,-233.3303897
2017-06-08 0:00,-254.9604144
2017-06-09 0:00,403.4543166
2017-06-10 0:00,210.8164632
2017-06-11 0:00,255.0275198
2017-06-12 0:00,63.74295639
2017-06-13 0:00,159.45752
2017-06-14 0:00,-119.1235136
2017-06-15 0:00,-303.2047838
2017-06-16 0:00,-111.3478808
2017-06-17 0:00,-577.3717504
2017-06-18 0:00,-109.3415726
2017-06-19 0:00,-491.3243718
2017-06-20 0:00,-76.31036761
2017-06-21 0:00,327.7028307
2017-06-22 0:00,-147.9490575
2017-06-23 0:00,-335.7115039
2017-06-24 0:00,-88.53710237
2017-06-25 0:00,23.29775146
2017-06-26 0:00,109.7843756
2017-06-27 0:00,-170.8765757
2017-06-28 0:00,190.6381683
2017-06-29 0:00,120.9017393
2017-06-30 0:00,-52.81958421
2017-07-01 0:00,-142.5790072
2017-07-02 0:00,-748.9233565
2017-07-03 0:00,300.2848277
2017-07-04 0:00,-136.6124111
2017-07-05 0:00,-31.41272834
2017-07-06 0:00,55.55985183
2017-07-07 0:00,-630.0158088
2017-07-08 0:00,-30.9375956
2017-07-09 0:00,-119.4574777
2017-07-10 0:00,58.51649243
2017-07-11 0:00,-119.4664605
2017-07-12 0:00,28.15722303
2017-07-13 0:00,-194.9225107
2017-07-14 0:00,59.66152851
2017-07-15 0:00,220.3819235
2017-07-16 0:00,58.36703756
2017-07-17 0:00,-684.0371251
2017-07-18 0:00,-133.2360055
2017-07-19 0:00,-59.70817178
2017-07-20 0:00,-115.6792089
2017-07-21 0:00,-289.5533091
2017-07-22 0:00,-484.4760518
2017-07-23 0:00,-16.14082654
2017-07-24 0:00,303.8564816
2017-07-25 0:00,-28.82320827
2017-07-26 0:00,-220.1684252
2017-07-27 0:00,-190.069939
2017-07-28 0:00,-185.286716
2017-07-29 0:00,68.30933106
2017-07-30 0:00,-102.5866641
2017-07-31 0:00,-98.27586122
2017-08-01 0:00,275.3732603
2017-08-02 0:00,-7.194464031
2017-08-03 0:00,-101.6974051
2017-08-04 0:00,946.9321019
2017-08-05 0:00,167.65951
2017-08-06 0:00,-127.9924577
2017-08-07 0:00,-100.7855421
2017-08-08 0:00,-107.4947733
2017-08-09 0:00,-268.7203687
2017-08-10 0:00,-299.3374708
2017-08-11 0:00,-112.3419372
2017-08-12 0:00,-123.0778542
2017-08-13 0:00,-130.395698
2017-08-14 0:00,-3.725140327
2017-08-15 0:00,-203.117447
2017-08-16 0:00,-11.04156308
2017-08-17 0:00,68.81224191
2017-08-18 0:00,69.0525963
2017-08-19 0:00,-335.1778329
2017-08-20 0:00,-78.17606618
2017-08-21 0:00,-285.8125272
2017-08-22 0:00,108.9891226
2017-08-23 0:00,303.685414
2017-08-24 0:00,-286.3366825
2017-08-25 0:00,-118.1883325
2017-08-26 0:00,-107.5178679
2017-08-27 0:00,1035.273001
2017-08-28 0:00,65.65745054
2017-08-29 0:00,-699.7947529
2017-08-30 0:00,27.37900368
2017-08-31 0:00,32.19805634
2017-09-01 0:00,-199.4280505
2017-09-02 0:00,69.95722478
2017-09-03 0:00,-267.4653495
2017-09-04 0:00,121.8663177
2017-09-05 0:00,69.84779944
2017-09-06 0:00,-352.624098
2017-09-07 0:00,577.0604462
2017-09-08 0:00,-11.39545694
2017-09-09 0:00,-474.0389337
2017-09-10 0:00,70.45279333
2017-09-11 0:00,74.10222808
2017-09-12 0:00,-448.8719658
2017-09-13 0:00,152.3158372
2017-09-14 0:00,268.4651938
2017-09-15 0:00,-204.4539381
2017-09-16 0:00,-190.0962525
2017-09-17 0:00,-388.2903053
2017-09-18 0:00,302.6847359
2017-09-19 0:00,69.90807894
2017-09-20 0:00,644.3691626
2017-09-21 0:00,-260.0211128
2017-09-22 0:00,-488.9815615
2017-09-23 0:00,-374.5380141
2017-09-24 0:00,-276.6770311
2017-09-25 0:00,146.9835864
2017-09-26 0:00,-616.6165604
2017-09-27 0:00,526.6667996
2017-09-28 0:00,-273.4007982
2017-09-29 0:00,143.7050453
2017-09-30 0:00,342.8097594
2017-10-01 0:00,-445.76443
2017-10-02 0:00,-830.0379814
2017-10-03 0:00,-269.1888777
2017-10-04 0:00,553.2057092
2017-10-05 0:00,362.4408358
2017-10-06 0:00,-148.5784669
2017-10-07 0:00,-61.86927844
2017-10-08 0:00,498.0262225
2017-10-09 0:00,-313.8492967
2017-10-10 0:00,-351.678435
2017-10-11 0:00,-148.4005894
2017-10-12 0:00,-316.5234894
2017-10-13 0:00,21.81638063
2017-10-14 0:00,-404.0647171
2017-10-15 0:00,830.5259345
2017-10-16 0:00,-132.8867763
2017-10-17 0:00,534.4124326
2017-10-18 0:00,1.429082788
2017-10-19 0:00,-254.6431887
2017-10-20 0:00,-666.7378333
2017-10-21 0:00,154.0314174
2017-10-22 0:00,774.1166524
2017-10-23 0:00,-242.8776765
2017-10-24 0:00,-862.8547405
2017-10-25 0:00,-387.0903566
2017-10-26 0:00,-191.2388505
2017-10-27 0:00,740.4469305
2017-10-28 0:00,136.6286043
2017-10-29 0:00,-186.2638121
2017-10-30 0:00,-773.5900975
2017-10-31 0:00,84.73505657
2017-11-01 0:00,956.1350413
2017-11-02 0:00,-570.3663855
2017-11-03 0:00,-266.9068355
2017-11-04 0:00,-163.9292037
2017-11-05 0:00,81.27100144
2017-11-06 0:00,69.71571665
2017-11-07 0:00,404.8561659
2017-11-08 0:00,884.8872089
2017-11-09 0:00,161.2281539
2017-11-10 0:00,-263.5109936
2017-11-11 0:00,-1243.404902
2017-11-12 0:00,1093.866721
2017-11-13 0:00,-403.9483207
2017-11-14 0:00,-652.6468158
2017-11-15 0:00,335.0908866
2017-11-16 0:00,-508.0500293
2017-11-17 0:00,589.8386874
2017-11-18 0:00,-364.782877
2017-11-19 0:00,-550.3113274
2017-11-20 0:00,428.0830983
2017-11-21 0:00,436.8786854
2017-11-22 0:00,969.0637891
2017-11-23 0:00,-289.6266592
2017-11-24 0:00,155.8278769
2017-11-25 0:00,-353.6254749
2017-11-26 0:00,-411.0011962
2017-11-27 0:00,-175.8311999
2017-11-28 0:00,716.9018011
2017-11-29 0:00,-621.124197
2017-11-30 0:00,-14.11866544
2017-12-01 0:00,-98.32499221
2017-12-02 0:00,-472.8467521
2017-12-03 0:00,-157.0711013
2017-12-04 0:00,-404.9005859
2017-12-05 0:00,761.097268
2017-12-06 0:00,-215.0819086
2017-12-07 0:00,338.7542094
2017-12-08 0:00,82.65738582
2017-12-09 0:00,104.9537197
2017-12-10 0:00,-117.6221999
2017-12-11 0:00,82.44360071
2017-12-12 0:00,-146.4039998
2017-12-13 0:00,177.364448
2017-12-14 0:00,137.3872098
2017-12-15 0:00,-245.730744
2017-12-16 0:00,-25.37312618
2017-12-17 0:00,-96.28403531
2017-12-18 0:00,357.7130415
2017-12-19 0:00,80.83305965
2017-12-20 0:00,80.47010416
2017-12-21 0:00,277.24137
2017-12-22 0:00,-311.1719397
2017-12-23 0:00,-292.5154702
2017-12-24 0:00,467.0925263
2017-12-25 0:00,-307.9936038
2017-12-26 0:00,-452.294974
2017-12-27 0:00,1103.200635
2017-12-28 0:00,-391.3567345
2017-12-29 0:00,-282.5957867
2017-12-30 0:00,93.86004759
2017-12-31 0:00,-105.8771373
2018-01-01 0:00,24.99787946
2018-01-02 0:00,88.01197069
2018-01-03 0:00,-11.02813104
2018-01-04 0:00,923.7615205
2018-01-05 0:00,7.520424288
2018-01-06 0:00,-113.7895833
2018-01-07 0:00,-305.6203469
2018-01-08 0:00,-127.2041404
2018-01-09 0:00,835.1399948
2018-01-10 0:00,72.24840091
2018-01-11 0:00,71.97228721
2018-01-12 0:00,-338.0822618
2018-01-13 0:00,-59.95386444
2018-01-14 0:00,288.7427972
2018-01-15 0:00,-11.75132162
2018-01-16 0:00,-778.2968805
2018-01-17 0:00,-3.579789695
2018-01-18 0:00,-527.0745533
2018-01-19 0:00,40.66081137
2018-01-20 0:00,63.47588716
2018-01-21 0:00,-212.9888136
2018-01-22 0:00,-37.30858797
2018-01-23 0:00,-257.5048077
2018-01-24 0:00,80.51340403
2018-01-25 0:00,-104.1601985
2018-01-26 0:00,55.17442601
2018-01-27 0:00,-375.6358294
2018-01-28 0:00,82.83437314
2018-01-29 0:00,-160.9728314
2018-01-30 0:00,633.9423588
2018-01-31 0:00,-75.45129315
2018-02-01 0:00,35.64165375
2018-02-02 0:00,-258.8939192
2018-02-03 0:00,-11.38253892
2018-02-04 0:00,856.1558639
2018-02-05 0:00,2021.942501
2018-02-06 0:00,-195.8543657
2018-02-07 0:00,2.62787499
2018-02-08 0:00,16.543171
2018-02-09 0:00,69.53782272
2018-02-10 0:00,62.80063177
2018-02-11 0:00,251.6473609
2018-02-12 0:00,-286.4285367
2018-02-13 0:00,850.1536922
2018-02-14 0:00,-445.7475863
2018-02-15 0:00,-87.62234764
2018-02-16 0:00,-105.4758555
2018-02-17 0:00,1084.252625
2018-02-18 0:00,-20.96310918
2018-02-19 0:00,157.0093695
2018-02-20 0:00,-87.17632713
2018-02-21 0:00,56.80444557
2018-02-22 0:00,-96.22790904
2018-02-23 0:00,-54.29485512
2018-02-24 0:00,-44.16356235
2018-02-25 0:00,-131.4529811
2018-02-26 0:00,53.96234696
2018-02-27 0:00,66.75047588
2018-02-28 0:00,299.7653205
2018-03-01 0:00,64.94513772
2018-03-02 0:00,-64.96452989
2018-03-03 0:00,-200.1598822
2018-03-04 0:00,-7.304048348
2018-03-05 0:00,16.31225608
2018-03-06 0:00,-152.2614837
2018-03-07 0:00,-35.60560045
2018-03-08 0:00,53.38112374
2018-03-09 0:00,-488.176043
2018-03-10 0:00,-118.4852816
2018-03-11 0:00,-68.53084328
2018-03-12 0:00,-117.4512838
2018-03-13 0:00,-452.0203565
2018-03-14 0:00,416.4139791
2018-03-15 0:00,-93.59718352
2018-03-16 0:00,516.1867287
2018-03-17 0:00,42.55926425
2018-03-18 0:00,-80.80669175
2018-03-19 0:00,72.21157098
2018-03-20 0:00,-228.5899083
2018-03-21 0:00,65.5488342
2018-03-22 0:00,-272.915397
2018-03-23 0:00,170.536192
2018-03-24 0:00,72.29055538
2018-03-25 0:00,18.19202695
2018-03-26 0:00,72.15167318
2018-03-27 0:00,624.6017643
2018-03-28 0:00,668.3660496
2018-03-29 0:00,66.24749265
2018-03-30 0:00,670.368562
2018-03-31 0:00,62.54217117
2018-04-01 0:00,215.8339241
2018-04-02 0:00,-100.0349647
2018-04-03 0:00,-520.3821322
2018-04-04 0:00,-29.41471477
2018-04-05 0:00,18.07799816
2018-04-06 0:00,-52.55152372
2018-04-07 0:00,51.75607688
2018-04-08 0:00,65.12544822
2018-04-09 0:00,1077.008038
2018-04-10 0:00,-61.39366034
2018-04-11 0:00,-385.3770173
2018-04-12 0:00,-53.48261744
2018-04-13 0:00,57.19610774
2018-04-14 0:00,59.17386533
2018-04-15 0:00,-176.5386211
2018-04-16 0:00,-59.65801936
2018-04-17 0:00,-271.7491567
2018-04-18 0:00,511.2329089
2018-04-19 0:00,-337.2050384
2018-04-20 0:00,63.90614844
2018-04-21 0:00,8.162478308
2018-04-22 0:00,-120.0936978
2018-04-23 0:00,286.5237378
2018-04-24 0:00,-165.8582212
2018-04-25 0:00,463.2433773
2018-04-26 0:00,130.7058228
2018-04-27 0:00,-281.1872233
2018-04-28 0:00,-308.4514477
2018-04-29 0:00,296.7162471
2018-04-30 0:00,-205.0254352
2018-05-01 0:00,56.40147416
2018-05-02 0:00,800.7160976
2018-05-03 0:00,585.2648326
2018-05-04 0:00,142.396405
2018-05-05 0:00,523.4408799
2018-05-06 0:00,487.1176454
2018-05-07 0:00,483.7690986
2018-05-08 0:00,1518.772781
2018-05-09 0:00,42.52151562
2018-05-10 0:00,-113.6933732
2018-05-11 0:00,35.79124152
2018-05-12 0:00,-347.999729
2018-05-13 0:00,-301.3811138
2018-05-14 0:00,100.5245388
2018-05-15 0:00,617.9576593
2018-05-16 0:00,120.6995316
2018-05-17 0:00,-177.043124
2018-05-18 0:00,-285.2390469
2018-05-19 0:00,-305.2682592
2018-05-20 0:00,-326.2370258
2018-05-21 0:00,591.6465758
2018-05-22 0:00,437.7359309
2018-05-23 0:00,946.1727793
2018-05-24 0:00,-54.69960529
2018-05-25 0:00,38.48363562
2018-05-26 0:00,66.97069834
2018-05-27 0:00,-151.0448847
2018-05-28 0:00,718.7618909
2018-05-29 0:00,-1103.263659
2018-05-30 0:00,234.4259321
2018-05-31 0:00,747.1799432
2018-06-01 0:00,442.9338236
2018-06-02 0:00,697.0130248
2018-06-03 0:00,938.5957985
2018-06-04 0:00,-328.4744734
2018-06-05 0:00,-354.2779845
2018-06-06 0:00,1103.152963
2018-06-07 0:00,-265.725563
2018-06-08 0:00,20.40144743
2018-06-09 0:00,-682.5919932
2018-06-10 0:00,284.0550281
2018-06-11 0:00,278.8127359
2018-06-12 0:00,28.1125954
2018-06-13 0:00,-185.2694835
2018-06-14 0:00,568.4279594
2018-06-15 0:00,341.7844639
2018-06-16 0:00,578.9649839
2018-06-17 0:00,-606.1666523
2018-06-18 0:00,118.2002668
2018-06-19 0:00,1719.430845
2018-06-20 0:00,-127.1204623
2018-06-21 0:00,-183.4081597
2018-06-22 0:00,496.1800119
2018-06-23 0:00,-24.12682659
2018-06-24 0:00,302.8468186
2018-06-25 0:00,-33.27109548
2018-06-26 0:00,-162.3914704
2018-06-27 0:00,-16.57524232
2018-06-28 0:00,211.0172761
2018-06-29 0:00,369.4489286
2018-06-30 0:00,-108.123055
2018-07-01 0:00,113.4123397
2018-07-02 0:00,1067.299983
2018-07-03 0:00,-632.1927059
2018-07-04 0:00,-194.9490466
2018-07-05 0:00,-91.82435346
2018-07-06 0:00,-6.51224801
2018-07-07 0:00,-103.9388845
2018-07-08 0:00,1156.278216
2018-07-09 0:00,-185.093797
2018-07-10 0:00,-10.77947001
2018-07-11 0:00,-184.493426
2018-07-12 0:00,-39.85751825
2018-07-13 0:00,-257.6716396
2018-07-14 0:00,-8.46314659
2018-07-15 0:00,198.8023693
2018-07-16 0:00,-9.323892643
2018-07-17 0:00,-734.9204956
2018-07-18 0:00,-196.132727
2018-07-19 0:00,190.1347195
2018-07-20 0:00,552.5598499
2018-07-21 0:00,-352.8361939
2018-07-22 0:00,213.1094474
2018-07-23 0:00,249.4853811
2018-07-24 0:00,150.4007244
2018-07-25 0:00,-285.0514686
2018-07-26 0:00,-287.2067889
2018-07-27 0:00,790.5253218
2018-07-28 0:00,-257.2246851
2018-07-29 0:00,-8.940740255
2018-07-30 0:00,-175.6893566
2018-07-31 0:00,513.6556502
2018-08-01 0:00,-120.363153
2018-08-02 0:00,225.9864972
2018-08-03 0:00,-176.5185519
2018-08-04 0:00,-315.299907
2018-08-05 0:00,-256.2026656
2018-08-06 0:00,-194.2794469
2018-08-07 0:00,-167.3780257
2018-08-08 0:00,-173.637493
2018-08-09 0:00,804.009195
2018-08-10 0:00,-365.7602097
2018-08-11 0:00,-182.6212979
2018-08-12 0:00,582.9286976
2018-08-13 0:00,-203.1437612
2018-08-14 0:00,-78.96038157
2018-08-15 0:00,-273.5809968
2018-08-16 0:00,-85.45641707
2018-08-17 0:00,-7.04163468
2018-08-18 0:00,-6.464179199
2018-08-19 0:00,1057.721443
2018-08-20 0:00,451.3223775
2018-08-21 0:00,-152.6392192
2018-08-22 0:00,508.1056951
2018-08-23 0:00,-96.83749098
2018-08-24 0:00,1091.833412
2018-08-25 0:00,-204.6975642
2018-08-26 0:00,533.6362675
2018-08-27 0:00,-478.1589981
2018-08-28 0:00,-20.60979231
2018-08-29 0:00,-50.03826706
2018-08-30 0:00,-282.5812509
2018-08-31 0:00,-54.47002073
2018-09-01 0:00,-280.5563378
2018-09-02 0:00,-16.79263375
2018-09-03 0:00,300.5665675
2018-09-04 0:00,90.12990784
2018-09-05 0:00,-18.92910386
2018-09-06 0:00,1074.16038
2018-09-07 0:00,-298.7510802
2018-09-08 0:00,-100.4530936
2018-09-09 0:00,-552.4109985
2018-09-10 0:00,-19.66828085
2018-09-11 0:00,-282.3030894
2018-09-12 0:00,201.9662231
2018-09-13 0:00,423.8027856
2018-09-14 0:00,377.6047717
2018-09-15 0:00,73.69485158
2018-09-16 0:00,-278.3223315
2018-09-17 0:00,160.4073201
2018-09-18 0:00,323.3964685
2018-09-19 0:00,-26.26961477
2018-09-20 0:00,134.6567145
2018-09-21 0:00,270.4400758
2018-09-22 0:00,-572.3958709
2018-09-23 0:00,-460.1195697
2018-09-24 0:00,326.762544
2018-09-25 0:00,-187.3080688
2018-09-26 0:00,341.5940343
2018-09-27 0:00,608.3789558
2018-09-28 0:00,306.3461406
2018-09-29 0:00,94.57341248
2018-09-30 0:00,303.834284
2018-10-01 0:00,642.4242734
2018-10-02 0:00,576.4395863
2018-10-03 0:00,321.7927184
2018-10-04 0:00,-306.0906389
2018-10-05 0:00,-322.8559363
2018-10-06 0:00,657.7973278
2018-10-07 0:00,-172.7412261
2018-10-08 0:00,-185.2403821
2018-10-09 0:00,940.91485
2018-10-10 0:00,1018.301918
2018-10-11 0:00,-265.6134389
2018-10-12 0:00,1175.859813
2018-10-13 0:00,121.0617661
2018-10-14 0:00,595.9290251
2018-10-15 0:00,80.85302576
2018-10-16 0:00,-32.96080721
2018-10-17 0:00,-1024.785243
2018-10-18 0:00,-120.3125791
2018-10-19 0:00,271.1566625
2018-10-20 0:00,299.8082233
2018-10-21 0:00,-423.909835
2018-10-22 0:00,-291.7285731
2018-10-23 0:00,542.1143573
2018-10-24 0:00,431.174101
2018-10-25 0:00,-508.3485939
2018-10-26 0:00,790.7869979
2018-10-27 0:00,-87.34983765
2018-10-28 0:00,830.0604566
2018-10-29 0:00,-95.49532286
2018-10-30 0:00,-156.6564428
2018-10-31 0:00,889.2949507
2018-11-01 0:00,-363.1965177
2018-11-02 0:00,-353.111147
2018-11-03 0:00,-395.9676154
2018-11-04 0:00,705.1637033
2018-11-05 0:00,-58.86986875
2018-11-06 0:00,-378.5856151
2018-11-07 0:00,-375.5607215
2018-11-08 0:00,-405.2764835
2018-11-09 0:00,327.6342295
2018-11-10 0:00,-384.7351913
2018-11-11 0:00,-235.2110023
2018-11-12 0:00,-343.9831307
2018-11-13 0:00,-519.5639513
2018-11-14 0:00,-762.2124918
2018-11-15 0:00,-133.7853094
2018-11-16 0:00,-618.218384
2018-11-17 0:00,505.4341252
2018-11-18 0:00,588.8526658
2018-11-19 0:00,1199.932894
2018-11-20 0:00,-1112.991659
2018-11-21 0:00,-439.4643743
2018-11-22 0:00,-575.9622822
2018-11-23 0:00,458.7301577
2018-11-24 0:00,-292.3252242
2018-11-25 0:00,264.1785941
2018-11-26 0:00,45.13914514
2018-11-27 0:00,897.3325902
2018-11-28 0:00,-669.2126636
2018-11-29 0:00,669.6902452
2018-11-30 0:00,-139.3239848
2018-12-01 0:00,513.1566464
2018-12-02 0:00,-590.0508804
2018-12-03 0:00,707.9249108
2018-12-04 0:00,-1306.120897
2018-12-05 0:00,438.9080283
2018-12-06 0:00,-111.7183831
2018-12-07 0:00,-131.8394009
2018-12-08 0:00,-43.08929426
2018-12-09 0:00,-97.57084973
2018-12-10 0:00,1109.694891
2018-12-11 0:00,-47.35708533
2018-12-12 0:00,-270.5319331
2018-12-13 0:00,-212.1097268
2018-12-14 0:00,-297.8600779
2018-12-15 0:00,693.8427198
2018-12-16 0:00,-152.1494306
2018-12-17 0:00,511.4581834
2018-12-18 0:00,278.4602946
2018-12-19 0:00,-50.11750492
2018-12-20 0:00,-49.88121415
2018-12-21 0:00,-6.045233651
2018-12-22 0:00,-430.9505643
2018-12-23 0:00,1454.671979
2018-12-24 0:00,609.4078973
2018-12-25 0:00,1151.957674
2018-12-26 0:00,-583.5171733
2018-12-27 0:00,-520.8242917
2018-12-28 0:00,117.7706356
2018-12-29 0:00,-411.9643866
2018-12-30 0:00,648.5277437
2018-12-31 0:00,-241.0938137
2019-01-01 0:00,113.932585
2019-01-02 0:00,34.50454475
2019-01-03 0:00,-147.9025812
2019-01-04 0:00,-344.8132483
2019-01-05 0:00,-123.4213982
2019-01-06 0:00,-241.4438192
2019-01-07 0:00,284.0756791
2019-01-08 0:00,-76.14609207
2019-01-09 0:00,-314.0031693
2019-01-10 0:00,-56.66960619
2019-01-11 0:00,-56.35757994
2019-01-12 0:00,-456.718195
2019-01-13 0:00,43.62362017
2019-01-14 0:00,887.221967
2019-01-15 0:00,154.6853092
2019-01-16 0:00,-890.5330763
2019-01-17 0:00,-132.5295046
2019-01-18 0:00,-811.515994
2019-01-19 0:00,-397.025993
2019-01-20 0:00,-63.12212692
2019-01-21 0:00,325.6898872
2019-01-22 0:00,326.1732684
2019-01-23 0:00,884.3405728
2019-01-24 0:00,-55.11947308
2019-01-25 0:00,505.7241184
2019-01-26 0:00,-293.7662124
2019-01-27 0:00,207.394743
2019-01-28 0:00,-56.04790868
2019-01-29 0:00,-53.52884319
2019-01-30 0:00,-240.1978534
2019-01-31 0:00,-206.7269923
2019-02-01 0:00,-97.51074436
2019-02-02 0:00,338.251662
2019-02-03 0:00,-145.5843961
2019-02-04 0:00,-508.8935339
2019-02-05 0:00,-551.7871666
2019-02-06 0:00,803.9717071
2019-02-07 0:00,-118.0115916
2019-02-08 0:00,121.4090277
2019-02-09 0:00,-52.51768617
2019-02-10 0:00,-448.3140807
2019-02-11 0:00,337.5124438
2019-02-12 0:00,-398.1009034
2019-02-13 0:00,-126.0481616
2019-02-14 0:00,807.4825766
2019-02-15 0:00,-204.4602247
2019-02-16 0:00,-221.3894227
2019-02-17 0:00,-495.2726039
2019-02-18 0:00,205.9288792
2019-02-19 0:00,-79.61884948
2019-02-20 0:00,-195.7986141
2019-02-21 0:00,-54.52783162
2019-02-22 0:00,470.2339889
2019-02-23 0:00,-165.2123318
2019-02-24 0:00,58.93450411
2019-02-25 0:00,-240.6201015
2019-02-26 0:00,-58.83330057
2019-02-27 0:00,-45.82020498
2019-02-28 0:00,-124.6065296
2019-03-01 0:00,-45.16138277
2019-03-02 0:00,-171.6863741
2019-03-03 0:00,-303.3948415
2019-03-04 0:00,193.0902988
2019-03-05 0:00,118.3369869
2019-03-06 0:00,658.3496727
2019-03-07 0:00,-483.9969321
2019-03-08 0:00,-58.02393819
2019-03-09 0:00,446.3494279
2019-03-10 0:00,560.0338718
2019-03-11 0:00,-184.0052461
2019-03-12 0:00,-231.3169846
2019-03-13 0:00,1003.074706
2019-03-14 0:00,-205.0733171
2019-03-15 0:00,-211.242395
2019-03-16 0:00,-301.4314684
2019-03-17 0:00,-73.89013932
2019-03-18 0:00,445.6117641
2019-03-19 0:00,-46.74774422
2019-03-20 0:00,-129.816042
2019-03-21 0:00,-53.17125134
2019-03-22 0:00,307.2337768
2019-03-23 0:00,254.8893718
2019-03-24 0:00,-49.04332232
2019-03-25 0:00,-101.3915988
2019-03-26 0:00,-48.09149127
2019-03-27 0:00,-233.9882559
2019-03-28 0:00,-572.2506369
2019-03-29 0:00,-43.8446996
2019-03-30 0:00,296.785158
2019-03-31 0:00,-45.28409836
2019-04-01 0:00,136.5471308
2019-04-02 0:00,420.1072135
2019-04-03 0:00,-616.7547721
2019-04-04 0:00,-136.2653756
2019-04-05 0:00,-89.34593929
2019-04-06 0:00,-157.9205592
2019-04-07 0:00,-55.45579066
2019-04-08 0:00,-41.89958043
2019-04-09 0:00,-487.2956665
2019-04-10 0:00,355.6588051
2019-04-11 0:00,506.8140537
2019-04-12 0:00,-156.2366168
2019-04-13 0:00,-47.55414504
2019-04-14 0:00,-45.1474517
2019-04-15 0:00,427.4103785
2019-04-16 0:00,347.9264548
2019-04-17 0:00,927.2095818
2019-04-18 0:00,-123.9449687
2019-04-19 0:00,-439.3565574
2019-04-20 0:00,-46.70000152
2019-04-21 0:00,113.0347176
2019-04-22 0:00,-226.5840564
2019-04-23 0:00,-175.8440333
2019-04-24 0:00,-268.7632179
2019-04-25 0:00,-385.5505386
2019-04-26 0:00,171.4953559
2019-04-27 0:00,-377.4164052
2019-04-28 0:00,-403.6401792
2019-04-29 0:00,-226.8142422
2019-04-30 0:00,447.3601251
2019-05-01 0:00,-47.04909658
2019-05-02 0:00,-463.4518546
2019-05-03 0:00,-214.5770211
2019-05-04 0:00,-264.7805885
2019-05-05 0:00,-193.7376686
2019-05-06 0:00,-245.6158093
2019-05-07 0:00,249.1080077
2019-05-08 0:00,-659.6747225
2019-05-09 0:00,-31.55764443
2019-05-10 0:00,400.3242026
2019-05-11 0:00,-40.12442476
2019-05-12 0:00,1223.088134
2019-05-13 0:00,608.2678238
2019-05-14 0:00,518.8734224
2019-05-15 0:00,289.5565299
2019-05-16 0:00,434.7739
2019-05-17 0:00,-260.9085251
2019-05-18 0:00,257.1891147
2019-05-19 0:00,-388.3536902
2019-05-20 0:00,628.6087221
2019-05-21 0:00,-264.1207966
2019-05-22 0:00,-295.7169834
2019-05-23 0:00,134.8896434
2019-05-24 0:00,-136.453079
2019-05-25 0:00,-44.97201363
2019-05-26 0:00,444.1586302
2019-05-27 0:00,534.4961976
2019-05-28 0:00,-534.6857273
2019-05-29 0:00,-4.073080013
2019-05-30 0:00,-429.7695956
2019-05-31 0:00,338.3255696
2019-06-01 0:00,49.0379342
2019-06-02 0:00,-618.1022217
2019-06-03 0:00,-489.8121816
2019-06-04 0:00,-388.4897928
2019-06-05 0:00,-413.4488098
2019-06-06 0:00,-333.8461113
2019-06-07 0:00,329.929776
2019-06-08 0:00,323.1977597
2019-06-09 0:00,47.36327419
2019-06-10 0:00,-413.4114536
2019-06-11 0:00,-538.3085015
2019-06-12 0:00,-33.31726295
2019-06-13 0:00,-241.6790139
2019-06-14 0:00,-221.8798791
2019-06-15 0:00,101.3422523
2019-06-16 0:00,-215.8737345
2019-06-17 0:00,1256.175715
2019-06-18 0:00,258.7940438
2019-06-19 0:00,-622.22183
2019-06-20 0:00,444.762932
2019-06-21 0:00,-232.4153899
2019-06-22 0:00,-258.5216623
2019-06-23 0:00,-93.01614565
2019-06-24 0:00,6.730615851
2019-06-25 0:00,141.9606434
2019-06-26 0:00,649.8792628
2019-06-27 0:00,-273.5426847
2019-06-28 0:00,-183.3689545
2019-06-29 0:00,-261.288421
2019-06-30 0:00,372.6023899
2019-07-01 0:00,-246.8066634
2019-07-02 0:00,-860.4055777
2019-07-03 0:00,1005.340251
2019-07-04 0:00,-236.3276951
2019-07-05 0:00,-135.3084264
2019-07-06 0:00,-51.69630682
2019-07-07 0:00,708.3166373
2019-07-08 0:00,-413.7449834
2019-07-09 0:00,503.9465481
2019-07-10 0:00,-55.35441867
2019-07-11 0:00,502.5041286
2019-07-12 0:00,38.58364905
2019-07-13 0:00,369.2969242
2019-07-14 0:00,-59.17438061
2019-07-15 0:00,-244.6869501
2019-07-16 0:00,-57.78492184
2019-07-17 0:00,2269.665627
2019-07-18 0:00,-253.7868908
2019-07-19 0:00,84.26500572
2019-07-20 0:00,-253.3678054
2019-07-21 0:00,673.4494076
2019-07-22 0:00,880.3221982
2019-07-23 0:00,-159.1925665
2019-07-24 0:00,57.95018415
2019-07-25 0:00,-467.0055205
2019-07-26 0:00,71.5784751
2019-07-27 0:00,-338.8646806
2019-07-28 0:00,723.1630528
2019-07-29 0:00,-71.88776656
2019-07-30 0:00,463.2642377
2019-07-31 0:00,-248.3078784
2019-08-01 0:00,-58.48400478
2019-08-02 0:00,-150.6722529
2019-08-03 0:00,457.3298819
2019-08-04 0:00,-372.0381922
2019-08-05 0:00,580.4416192
2019-08-06 0:00,521.9013573
2019-08-07 0:00,97.79161459
2019-08-08 0:00,-241.4758272
2019-08-09 0:00,-193.7937377
2019-08-10 0:00,258.352766
2019-08-11 0:00,484.1033491
2019-08-12 0:00,-278.473016
2019-08-13 0:00,172.0359268
2019-08-14 0:00,-147.7247603
2019-08-15 0:00,445.4510392
2019-08-16 0:00,169.9579564
2019-08-17 0:00,-81.49331279
2019-08-18 0:00,-80.59257946
2019-08-19 0:00,-498.8167242
2019-08-20 0:00,-233.309894
2019-08-21 0:00,827.2039912
2019-08-22 0:00,-1.641480757
2019-08-23 0:00,-160.6269058
2019-08-24 0:00,-452.8094719
2019-08-25 0:00,-258.8282025
2019-08-26 0:00,-264.1714684
2019-08-27 0:00,-6.335098121
2019-08-28 0:00,-77.11625718
2019-08-29 0:00,821.8145182
2019-08-30 0:00,518.4044231
2019-08-31 0:00,-117.5208033
2019-09-01 0:00,757.0429117
2019-09-02 0:00,-85.08051082
2019-09-03 0:00,310.0628211
2019-09-04 0:00,22.32082218
2019-09-05 0:00,-86.59795094
2019-09-06 0:00,-299.9398635
2019-09-07 0:00,378.8987969
2019-09-08 0:00,-162.8602172
2019-09-09 0:00,1613.289619
2019-09-10 0:00,-93.36641851
2019-09-11 0:00,-349.8307369
2019-09-12 0:00,-30.22076054
2019-09-13 0:00,20.03308823
2019-09-14 0:00,-395.5552228
2019-09-15 0:00,383.1105278
2019-09-16 0:00,-340.6689929
2019-09-17 0:00,-543.5298234
2019-09-18 0:00,-382.6456238
2019-09-19 0:00,-87.57200732
2019-09-20 0:00,-637.875934
2019-09-21 0:00,-410.2631227
2019-09-22 0:00,876.0182898
2019-09-23 0:00,1308.900056
2019-09-24 0:00,295.2453148
2019-09-25 0:00,185.3036158
2019-09-26 0:00,1005.037258
2019-09-27 0:00,-645.3129728
2019-09-28 0:00,-62.79247138
2019-09-29 0:00,-368.2614874
2019-09-30 0:00,-283.8725408
2019-10-01 0:00,-706.5354297
2019-10-02 0:00,-296.1035244
2019-10-03 0:00,290.9289433
2019-10-04 0:00,-351.1586721
2019-10-05 0:00,21.28216778
2019-10-06 0:00,-321.7258929
2019-10-07 0:00,-217.7014027
2019-10-08 0:00,-229.7197572
2019-10-09 0:00,-259.4455874
2019-10-10 0:00,-523.7996111
2019-10-11 0:00,619.2353876
2019-10-12 0:00,-495.616694
2019-10-13 0:00,-140.5430574
2019-10-14 0:00,-864.2900102
2019-10-15 0:00,-169.6248539
2019-10-16 0:00,-281.0580757
2019-10-17 0:00,-112.6264821
2019-10-18 0:00,-144.1961542
2019-10-19 0:00,295.2894552
2019-10-20 0:00,-117.8647914
2019-10-21 0:00,288.2393382
2019-10-22 0:00,-313.1324961
2019-10-23 0:00,-619.0473603
2019-10-24 0:00,-236.4395852
2019-10-25 0:00,737.3051188
2019-10-26 0:00,-359.0396379
2019-10-27 0:00,-224.1365672
2019-10-28 0:00,-409.2907059
2019-10-29 0:00,-326.8983985
2019-10-30 0:00,1853.444624
2019-10-31 0:00,-551.8577558
2019-11-01 0:00,-370.4030856
2019-11-02 0:00,296.3306664
2019-11-03 0:00,579.4848621
2019-11-04 0:00,-332.9531519
2019-11-05 0:00,-75.45741343
2019-11-06 0:00,613.038284
2019-11-07 0:00,250.7792424
2019-11-08 0:00,-199.0936234
2019-11-09 0:00,-300.7146496
2019-11-10 0:00,978.3169626
2019-11-11 0:00,1670.254071
2019-11-12 0:00,-623.6325536
2019-11-13 0:00,1172.021846
2019-11-14 0:00,-789.6198538
2019-11-15 0:00,-175.0374575
2019-11-16 0:00,-648.5164454
2019-11-17 0:00,98.56660965
2019-11-18 0:00,216.3977549
2019-11-19 0:00,-11.02349586
2019-11-20 0:00,376.319901
2019-11-21 0:00,-134.3973226
2019-11-22 0:00,-606.1784163
2019-11-23 0:00,286.001581
2019-11-24 0:00,349.4802502
2019-11-25 0:00,514.7368036
2019-11-26 0:00,-836.7250425
2019-11-27 0:00,-662.8127421
2019-11-28 0:00,-185.5439566
2019-11-29 0:00,684.1346603
2019-11-30 0:00,214.8177578
2019-12-01 0:00,-271.453534
2019-12-02 0:00,-612.3471397
2019-12-03 0:00,-331.8117398
2019-12-04 0:00,1742.934025
2019-12-05 0:00,-326.9500864
2019-12-06 0:00,622.5901633
2019-12-07 0:00,-173.1486805
2019-12-08 0:00,-86.18479682
2019-12-09 0:00,299.9892273
2019-12-10 0:00,-560.9646144
2019-12-11 0:00,-84.41574439
2019-12-12 0:00,632.0273826
2019-12-13 0:00,161.1363802
2019-12-14 0:00,385.5270443
2019-12-15 0:00,-144.7386077
2019-12-16 0:00,247.7195044
2019-12-17 0:00,-277.0885686
2019-12-18 0:00,-392.4875372
2019-12-19 0:00,-87.2228155
2019-12-20 0:00,-86.82426438
2019-12-21 0:00,-49.12585646
2019-12-22 0:00,794.7779647
2019-12-23 0:00,-825.5661685
2019-12-24 0:00,-415.9177687
2019-12-25 0:00,-489.7387978
2019-12-26 0:00,899.4634815
2019-12-27 0:00,-199.8920952
2019-12-28 0:00,-366.5905181
2019-12-29 0:00,297.2059074
2019-12-30 0:00,-60.92584206
2019-12-31 0:00,-262.5803032
2020-01-01 0:00,-141.7983162
2020-01-02 0:00,36.12364657
2020-01-03 0:00,166.8136874
2020-01-04 0:00,-364.1708877
2020-01-05 0:00,-147.6126882
2020-01-06 0:00,489.1474748
2020-01-07 0:00,-464.8723788
2020-01-08 0:00,-281.6960991
2020-01-09 0:00,-332.8382184
2020-01-10 0:00,-81.13956809
2020-01-11 0:00,-80.72400742
2020-01-12 0:00,186.3644925
2020-01-13 0:00,-213.618342
2020-01-14 0:00,-636.8299626
2020-01-15 0:00,-145.1436306
2020-01-16 0:00,124.3143887
2020-01-17 0:00,183.8477111
2020-01-18 0:00,-60.13472793
2020-01-19 0:00,294.9599773
2020-01-20 0:00,-93.26206357
2020-01-21 0:00,134.7336271
2020-01-22 0:00,-201.3216609
2020-01-23 0:00,-428.2897747
2020-01-24 0:00,-76.13187987
2020-01-25 0:00,-268.4596917
2020-01-26 0:00,473.2458814
2020-01-27 0:00,607.504498
2020-01-28 0:00,-78.71874311
2020-01-29 0:00,462.0066993
2020-01-30 0:00,-261.0004967
2020-01-31 0:00,405.6002967
2020-02-01 0:00,-124.1554435
2020-02-02 0:00,-421.108741
2020-02-03 0:00,226.3379025
2020-02-04 0:00,-524.5247388
2020-02-05 0:00,-786.7743533
2020-02-06 0:00,-351.2500883
2020-02-07 0:00,-135.9845386
2020-02-08 0:00,-127.0745375
2020-02-09 0:00,-70.74349674
2020-02-10 0:00,-457.6599505
2020-02-11 0:00,-635.6583607
2020-02-12 0:00,-404.1273149
2020-02-13 0:00,-409.8644625
2020-02-14 0:00,205.8972847
2020-02-15 0:00,-210.7664686
2020-02-16 0:00,499.7891009
2020-02-17 0:00,-166.522044
2020-02-18 0:00,-151.2408097
2020-02-19 0:00,-91.79903524
2020-02-20 0:00,308.5586016
2020-02-21 0:00,-69.4876712
2020-02-22 0:00,-230.2125622
2020-02-23 0:00,-174.4821949
2020-02-24 0:00,4.284234184
2020-02-25 0:00,-247.9252517
2020-02-26 0:00,-70.14618158
2020-02-27 0:00,-57.37126552
2020-02-28 0:00,-134.3542006
2020-02-29 0:00,-56.63093396
2020-03-01 0:00,-6.991780967
2020-03-02 0:00,801.7238214
2020-03-03 0:00,-136.8058323
2020-03-04 0:00,-111.4682296
2020-03-05 0:00,-287.7213511
2020-03-06 0:00,896.8248564
2020-03-07 0:00,-74.32430656
2020-03-08 0:00,-614.4784108
2020-03-09 0:00,-254.9617943
2020-03-10 0:00,395.6966822
2020-03-11 0:00,-237.840493
2020-03-12 0:00,-85.61706884
2020-03-13 0:00,-207.2357947
2020-03-14 0:00,-213.2579854
2020-03-15 0:00,35.50674001
2020-03-16 0:00,-80.47076956
2020-03-17 0:00,-212.0864896
2020-03-18 0:00,-50.93279468
2020-03-19 0:00,336.4142439
2020-03-20 0:00,-59.2994329
2020-03-21 0:00,358.5622935
2020-03-22 0:00,-246.6203372
2020-03-23 0:00,-53.20324642
2020-03-24 0:00,121.0708411
2020-03-25 0:00,-53.25809837
2020-03-26 0:00,-234.9994731
2020-03-27 0:00,467.6515199
2020-03-28 0:00,-53.77246506
2020-03-29 0:00,-140.7591986
2020-03-30 0:00,-53.15974864
2020-03-31 0:00,-213.92464
2020-04-01 0:00,-220.0052513
2020-04-02 0:00,916.5696354
2020-04-03 0:00,-144.5333772
2020-04-04 0:00,-98.61952792
2020-04-05 0:00,44.88197689
2020-04-06 0:00,-66.356366
2020-04-07 0:00,-53.05226888
2020-04-08 0:00,-151.5578568
2020-04-09 0:00,83.73397322
2020-04-10 0:00,232.0569914
2020-04-11 0:00,-15.93518694
2020-04-12 0:00,-58.21186977
2020-04-13 0:00,-55.81055731
2020-04-14 0:00,-296.2684595
2020-04-15 0:00,-179.678579
2020-04-16 0:00,-399.3897301
2020-04-17 0:00,-711.820538
2020-04-18 0:00,-89.88729177
2020-04-19 0:00,-44.56628488
2020-04-20 0:00,-102.1317183
2020-04-21 0:00,553.1198119
2020-04-22 0:00,-676.1879609
2020-04-23 0:00,-38.7529774
2020-04-24 0:00,279.9972396
2020-04-25 0:00,-209.8033382
2020-04-26 0:00,698.6473222
2020-04-27 0:00,54.43853981
2020-04-28 0:00,544.7260581
2020-04-29 0:00,-321.5980802
2020-04-30 0:00,-54.46625316
2020-05-01 0:00,-461.5798334
2020-05-02 0:00,-218.2453767
2020-05-03 0:00,-267.3164712
2020-05-04 0:00,-197.8412268
2020-05-05 0:00,-248.547708
2020-05-06 0:00,-388.3172258
2020-05-07 0:00,-232.9421278
2020-05-08 0:00,-38.28316102
2020-05-09 0:00,-200.2606874
2020-05-10 0:00,-43.91781241
2020-05-11 0:00,-446.8964686
2020-05-12 0:00,-387.201542
2020-05-13 0:00,47.06515135
2020-05-14 0:00,-485.8245579
2020-05-15 0:00,-302.0645753
2020-05-16 0:00,-238.787108
2020-05-17 0:00,393.8545461
2020-05-18 0:00,269.6636992
2020-05-19 0:00,-409.8192703
2020-05-20 0:00,-240.9274537
2020-05-21 0:00,107.2939646
2020-05-22 0:00,-191.1201945
2020-05-23 0:00,253.6401738
2020-05-24 0:00,-28.86325649
2020-05-25 0:00,-278.1875832
2020-05-26 0:00,-225.1969761
2020-05-27 0:00,316.4062197
2020-05-28 0:00,755.7623037
2020-05-29 0:00,545.2477482
2020-05-30 0:00,-206.4518134
2020-05-31 0:00,-276.5698311
2020-06-01 0:00,479.0189671
2020-06-02 0:00,46.48446362
2020-06-03 0:00,284.6435419
2020-06-04 0:00,-77.75956005
2020-06-05 0:00,-449.6416979
2020-06-06 0:00,181.3827072
2020-06-07 0:00,-22.14905331
2020-06-08 0:00,266.226713
2020-06-09 0:00,-37.12411818
2020-06-10 0:00,-10.32373794
2020-06-11 0:00,-32.84090593
2020-06-12 0:00,251.7566037
2020-06-13 0:00,-219.4419706
2020-06-14 0:00,-52.01532096
2020-06-15 0:00,-212.8879995
2020-06-16 0:00,66.3276586
2020-06-17 0:00,-213.6828814
2020-06-18 0:00,-602.7127836
2020-06-19 0:00,-179.0927348
2020-06-20 0:00,85.41746844
2020-06-21 0:00,-27.58337787
2020-06-22 0:00,567.1807768
2020-06-23 0:00,-137.0200773
2020-06-24 0:00,-79.89694291
2020-06-25 0:00,-574.4266319
2020-06-26 0:00,501.0341328
2020-06-27 0:00,-172.6633313
2020-06-28 0:00,-248.8991547
2020-06-29 0:00,-153.9542143
2020-06-30 0:00,495.0919189
2020-07-01 0:00,-835.7273867
2020-07-02 0:00,-519.4642622
2020-07-03 0:00,-218.7489999
2020-07-04 0:00,-120.0545208
2020-07-05 0:00,-38.36977375
2020-07-06 0:00,-723.0103416
2020-07-07 0:00,-724.5593208
2020-07-08 0:00,-213.9028273
2020-07-09 0:00,-30.90108014
2020-07-10 0:00,529.4371587
2020-07-11 0:00,-64.55300593
2020-07-12 0:00,293.0948677
2020-07-13 0:00,303.7915056
2020-07-14 0:00,-217.0861497
2020-07-15 0:00,673.4668643
2020-07-16 0:00,1151.612222
2020-07-17 0:00,-224.3621965
2020-07-18 0:00,-584.7672462
2020-07-19 0:00,-221.0649116
2020-07-20 0:00,-53.22456181
2020-07-21 0:00,-599.909504
2020-07-22 0:00,-119.1656984
2020-07-23 0:00,-385.0202205
2020-07-24 0:00,-418.3175701
2020-07-25 0:00,-306.5248607
2020-07-26 0:00,-291.5378647
2020-07-27 0:00,1455.189755
2020-07-28 0:00,288.7963506
2020-07-29 0:00,-210.2951535
2020-07-30 0:00,485.7101402
2020-07-31 0:00,367.2009476
2020-08-01 0:00,530.4900517
2020-08-02 0:00,-214.2674199
2020-08-03 0:00,-331.3586041
2020-08-04 0:00,107.0561058
2020-08-05 0:00,-234.4658312
2020-08-06 0:00,-198.553944
2020-08-07 0:00,-196.9924064
2020-08-08 0:00,-155.290981
2020-08-09 0:00,-391.5184944
2020-08-10 0:00,-98.49198637
2020-08-11 0:00,-227.9778866
2020-08-12 0:00,-227.2006791
2020-08-13 0:00,-98.56147449
2020-08-14 0:00,1536.10744
2020-08-15 0:00,-120.0558405
2020-08-16 0:00,-37.63867033
2020-08-17 0:00,711.8540592
2020-08-18 0:00,-86.18141676
2020-08-19 0:00,-191.7190485
2020-08-20 0:00,-404.3757322
2020-08-21 0:00,-648.1778579
2020-08-22 0:00,1147.209377
2020-08-23 0:00,-403.9528755
2020-08-24 0:00,-214.5039356
2020-08-25 0:00,1194.131465
2020-08-26 0:00,-615.7067923
2020-08-27 0:00,217.8463462
2020-08-28 0:00,-477.3656664
2020-08-29 0:00,146.093531
2020-08-30 0:00,-74.1557321
2020-08-31 0:00,416.8526565
2020-09-01 0:00,-41.09649169
2020-09-02 0:00,125.165152
2020-09-03 0:00,64.08373156
2020-09-04 0:00,294.8974152
2020-09-05 0:00,-475.7846292
2020-09-06 0:00,-75.12116932
2020-09-07 0:00,286.7015546
2020-09-08 0:00,124.4320641
2020-09-09 0:00,-42.93741365
2020-09-10 0:00,-293.9287721
2020-09-11 0:00,2481.824648
2020-09-12 0:00,-328.4392048
2020-09-13 0:00,-348.6567644
2020-09-14 0:00,715.4493035
2020-09-15 0:00,434.7173956
2020-09-16 0:00,637.5252125
2020-09-17 0:00,-346.578569
2020-09-18 0:00,-58.22659798
2020-09-19 0:00,131.0790084
2020-09-20 0:00,-377.3489548
2020-09-21 0:00,-610.5472425
2020-09-22 0:00,-260.896339
2020-09-23 0:00,-73.06295184
2020-09-24 0:00,-555.4381612
2020-09-25 0:00,-5.281259774
2020-09-26 0:00,39.55314612
2020-09-27 0:00,-396.6962807
2020-09-28 0:00,48.63197733
2020-09-29 0:00,244.9631022
2020-09-30 0:00,-90.28238277
2020-10-01 0:00,-286.8555368
2020-10-02 0:00,1215.916775
2020-10-03 0:00,326.6854212
2020-10-04 0:00,-461.9923697
2020-10-05 0:00,-281.2944114
2020-10-06 0:00,501.6453207
2020-10-07 0:00,-194.7633915
2020-10-08 0:00,-449.3862726
2020-10-09 0:00,-86.03683963
2020-10-10 0:00,-280.9151883
2020-10-11 0:00,-451.9629075
2020-10-12 0:00,-104.9788316
2020-10-13 0:00,-812.7990795
2020-10-14 0:00,598.1128048
2020-10-15 0:00,990.5605047
2020-10-16 0:00,-278.6324728
2020-10-17 0:00,-117.4010078
2020-10-18 0:00,1095.364884
2020-10-19 0:00,1067.262169
2020-10-20 0:00,818.569245
2020-10-21 0:00,-294.0596573
2020-10-22 0:00,-593.2608296
2020-10-23 0:00,-982.6639528
2020-10-24 0:00,155.6654438
2020-10-25 0:00,403.1657552
2020-10-26 0:00,-661.0707274
2020-10-27 0:00,-417.0667609
2020-10-28 0:00,-303.1607655
2020-10-29 0:00,119.3110138
2020-10-30 0:00,-119.8281723
2020-10-31 0:00,-339.9272301
2020-11-01 0:00,-345.7310251
2020-11-02 0:00,-393.2221092
2020-11-03 0:00,1023.352589
2020-11-04 0:00,172.4717174
2020-11-05 0:00,-42.43554316
2020-11-06 0:00,-369.9732366
2020-11-07 0:00,-389.0540513
2020-11-08 0:00,-18.61869649
2020-11-09 0:00,279.4494045
2020-11-10 0:00,-1147.578637
2020-11-11 0:00,831.5737898
2020-11-12 0:00,-533.9746796
2020-11-13 0:00,-727.561791
2020-11-14 0:00,2909.779664
2020-11-15 0:00,1414.75859
2020-11-16 0:00,213.9610118
2020-11-17 0:00,693.4220867
2020-11-18 0:00,268.4823622
2020-11-19 0:00,-1114.485844
2020-11-20 0:00,-444.5707133
2020-11-21 0:00,-567.5249224
2020-11-22 0:00,-1105.620551
2020-11-23 0:00,-423.8303719
2020-11-24 0:00,676.5040256
2020-11-25 0:00,-153.0981767
2020-11-26 0:00,106.0321786
2020-11-27 0:00,72.87141994
2020-11-28 0:00,-62.66757531
2020-11-29 0:00,1052.928829
2020-11-30 0:00,734.0725602
2020-12-01 0:00,-159.7932108
2020-12-02 0:00,-305.1065373
2020-12-03 0:00,-1159.448224
2020-12-04 0:00,292.8593683
2020-12-05 0:00,332.1753423
2020-12-06 0:00,256.2750364
2020-12-07 0:00,-55.38272698
2020-12-08 0:00,370.3884864
2020-12-09 0:00,170.6938634
2020-12-10 0:00,-57.412952
2020-12-11 0:00,87.71337997
2020-12-12 0:00,552.586536
2020-12-13 0:00,981.502294
2020-12-14 0:00,-399.3572907
2020-12-15 0:00,1984.74684
2020-12-16 0:00,-254.6177969
2020-12-17 0:00,2163.866848
2020-12-18 0:00,-80.61447678
2020-12-19 0:00,660.545382
2020-12-20 0:00,-619.3981469
2020-12-21 0:00,1041.732098
2020-12-22 0:00,-804.4903457
2020-12-23 0:00,36.41737039
2020-12-24 0:00,-254.784881
2020-12-25 0:00,119.5178923
2020-12-26 0:00,-529.3404149
2020-12-27 0:00,-534.9762128
2020-12-28 0:00,-430.9643071
2020-12-29 0:00,-448.4982641
2020-12-30 0:00,-246.4107219
2020-12-31 0:00,-128.3864435
2021-01-01 0:00,356.4401899
2021-01-02 0:00,-165.1707883
2021-01-03 0:00,-345.8240526
2021-01-04 0:00,1170.66772
2021-01-05 0:00,-139.1772301
2021-01-06 0:00,-447.4848164
2021-01-07 0:00,389.9813718
2021-01-08 0:00,434.7537313
2021-01-09 0:00,-78.85761343
2021-01-10 0:00,-78.46159165
2021-01-11 0:00,-252.4300574
2021-01-12 0:00,-206.4312535
2021-01-13 0:00,13.51171826
2021-01-14 0:00,-274.0269785
2021-01-15 0:00,-892.4665563
2021-01-16 0:00,335.7037453
2021-01-17 0:00,-813.2110718
2021-01-18 0:00,-415.8195483
2021-01-19 0:00,-80.62349028
2021-01-20 0:00,-364.0026638
2021-01-21 0:00,1630.573325
2021-01-22 0:00,-414.279917
2021-01-23 0:00,-70.01294455
2021-01-24 0:00,-258.0933675
2021-01-25 0:00,-312.051011
2021-01-26 0:00,-534.0214284
2021-01-27 0:00,-63.91806491
2021-01-28 0:00,-313.7185235
2021-01-29 0:00,-238.7129043
2021-01-30 0:00,739.6502633
2021-01-31 0:00,471.3117004
2021-02-01 0:00,-399.5592382
2021-02-02 0:00,1196.078865
2021-02-03 0:00,-505.1517297
2021-02-04 0:00,-761.6595874
2021-02-05 0:00,-335.9294242
2021-02-06 0:00,-125.5179069
2021-02-07 0:00,-116.8532068
2021-02-08 0:00,-61.82042227
2021-02-09 0:00,308.6331195
2021-02-10 0:00,-57.22822669
2021-02-11 0:00,-393.9049215
2021-02-12 0:00,-399.5606944
2021-02-13 0:00,-583.9124345
2021-02-14 0:00,1118.550889
2021-02-15 0:00,881.5012138
2021-02-16 0:00,-497.652585
2021-02-17 0:00,-149.3961502
2021-02-18 0:00,-91.28395994
2021-02-19 0:00,-213.7276723
2021-02-20 0:00,1225.237013
2021-02-21 0:00,445.2396214
2021-02-22 0:00,-178.6681075
2021-02-23 0:00,-177.1563328
2021-02-24 0:00,131.6393184
2021-02-25 0:00,-77.52678497
2021-02-26 0:00,-65.00250658
2021-02-27 0:00,-140.2398335
2021-02-28 0:00,-64.21760875
2021-03-01 0:00,-188.9475496
2021-03-02 0:00,-335.6264308
2021-03-03 0:00,-136.6201293
2021-03-04 0:00,-111.8465627
2021-03-05 0:00,363.7697326
2021-03-06 0:00,-510.3249878
2021-03-07 0:00,-72.11512267
2021-03-08 0:00,511.2672056
2021-03-09 0:00,-253.8296139
2021-03-10 0:00,-202.2988948
2021-03-11 0:00,-234.3943348
2021-03-12 0:00,-591.8200291
2021-03-13 0:00,-202.2002101
2021-03-14 0:00,43.00872563
2021-03-15 0:00,460.4170793
2021-03-16 0:00,-81.35079947
2021-03-17 0:00,-210.0370264
2021-03-18 0:00,284.5553335
2021-03-19 0:00,-354.312018
2021-03-20 0:00,-59.05160457
2021-03-21 0:00,251.8309027
2021-03-22 0:00,-241.7280663
2021-03-23 0:00,-52.63228691
2021-03-24 0:00,526.1055259
2021-03-25 0:00,-54.51703328
2021-03-26 0:00,-232.2130242
2021-03-27 0:00,-64.68293316
2021-03-28 0:00,529.8363703
2021-03-29 0:00,-99.21152998
2021-03-30 0:00,-54.84680787
2021-03-31 0:00,-212.0306425
2021-04-01 0:00,499.835354
2021-04-02 0:00,-633.9129583
2021-04-03 0:00,-140.4403937
2021-04-04 0:00,-95.56558344
2021-04-05 0:00,-165.7775579
2021-04-06 0:00,-63.08232426
2021-04-07 0:00,1190.871272
2021-04-08 0:00,-488.9604466
2021-04-09 0:00,-410.1354172
2021-04-10 0:00,-505.5497074
2021-04-11 0:00,1168.680354
2021-04-12 0:00,671.6853968
2021-04-13 0:00,-59.96179576
2021-04-14 0:00,-295.056121
2021-04-15 0:00,39.99675664
2021-04-16 0:00,181.5075647
2021-04-17 0:00,-704.9910783
2021-04-18 0:00,-433.942813
2021-04-19 0:00,-51.04597193
2021-04-20 0:00,913.0773969
2021-04-21 0:00,-243.8089869
2021-04-22 0:00,2.395697849
2021-04-23 0:00,1134.00849
2021-04-24 0:00,-21.01084187
2021-04-25 0:00,1473.104625
2021-04-26 0:00,-72.07501138
2021-04-27 0:00,-421.8050482
2021-04-28 0:00,-620.1355088
2021-04-29 0:00,397.1755428
2021-04-30 0:00,268.3047212
2021-05-01 0:00,650.2432058
2021-05-02 0:00,-235.2504526
2021-05-03 0:00,873.7359622
2021-05-04 0:00,-37.27436749
2021-05-05 0:00,370.6213646
2021-05-06 0:00,-410.1366374
2021-05-07 0:00,-675.6866507
2021-05-08 0:00,1412.504238
2021-05-09 0:00,1420.397506
2021-05-10 0:00,-85.16125279
2021-05-11 0:00,247.6335906
2021-05-12 0:00,-423.7638295
2021-05-13 0:00,-689.7948207
2021-05-14 0:00,67.58694505
2021-05-15 0:00,-339.526023
2021-05-16 0:00,60.36404946
2021-05-17 0:00,-409.9269879
2021-05-18 0:00,-411.8386718
2021-05-19 0:00,-439.3616419
2021-05-20 0:00,-274.0905394
2021-05-21 0:00,134.8304407
2021-05-22 0:00,-189.4149595
2021-05-23 0:00,-160.688308
2021-05-24 0:00,718.3081413
2021-05-25 0:00,1044.342618
2021-05-26 0:00,236.6247824
2021-05-27 0:00,-556.1655132
2021-05-28 0:00,-1203.046087
2021-05-29 0:00,-453.1583099
2021-05-30 0:00,-891.191971
2021-05-31 0:00,837.719821
2021-06-01 0:00,-237.3068665
2021-06-02 0:00,514.5867605
2021-06-03 0:00,-411.1611555
2021-06-04 0:00,-427.4076372
2021-06-05 0:00,-129.4852095
2021-06-06 0:00,-357.212377
2021-06-07 0:00,1131.191406
2021-06-08 0:00,-765.019545
2021-06-09 0:00,981.7280022
2021-06-10 0:00,148.5230451
2021-06-11 0:00,1304.269244
2021-06-12 0:00,446.2544138
2021-06-13 0:00,-253.2285662
2021-06-14 0:00,624.6891195
2021-06-15 0:00,461.8572612
2021-06-16 0:00,-567.3295365
2021-06-17 0:00,-250.6854405
2021-06-18 0:00,-630.9010379
2021-06-19 0:00,-216.5698497
2021-06-20 0:00,458.4401024
2021-06-21 0:00,470.2069926
2021-06-22 0:00,-19.71639989
2021-06-23 0:00,22.79509802
2021-06-24 0:00,-121.4129964
2021-06-25 0:00,-188.1329602
2021-06-26 0:00,-313.3211889
2021-06-27 0:00,147.7925146
2021-06-28 0:00,-285.9854576
2021-06-29 0:00,1723.306498
2021-06-30 0:00,-294.3490976
2021-07-01 0:00,-864.5133772
2021-07-02 0:00,-709.0500906
2021-07-03 0:00,1075.766812
2021-07-04 0:00,-169.6065734
2021-07-05 0:00,-89.51379022
2021-07-06 0:00,358.3345461
2021-07-07 0:00,-135.1317484
2021-07-08 0:00,443.1230281
2021-07-09 0:00,690.6709097
2021-07-10 0:00,-290.3634274
2021-07-11 0:00,-124.949555
2021-07-12 0:00,616.7512975
2021-07-13 0:00,103.8390208
2021-07-14 0:00,483.9919662
2021-07-15 0:00,-114.7150046
2021-07-16 0:00,-308.2094823
2021-07-17 0:00,-274.5087289
2021-07-18 0:00,1192.123599
2021-07-19 0:00,-279.0801477
2021-07-20 0:00,-118.3085768
2021-07-21 0:00,-648.9481467
2021-07-22 0:00,321.6511957
2021-07-23 0:00,-596.3940295
2021-07-24 0:00,233.1929697
2021-07-25 0:00,-365.8404714
2021-07-26 0:00,-129.8588212
2021-07-27 0:00,-385.6568875
2021-07-28 0:00,623.2465284
2021-07-29 0:00,767.978798
2021-07-30 0:00,-280.102942
2021-07-31 0:00,-213.230671
2021-08-01 0:00,-184.7907509
2021-08-02 0:00,-264.4048252
2021-08-03 0:00,294.4330095
2021-08-04 0:00,-11.03236983
2021-08-05 0:00,417.3300448
2021-08-06 0:00,1014.581153
2021-08-07 0:00,-257.998734
2021-08-08 0:00,272.9011993
2021-08-09 0:00,-449.8586131
2021-08-10 0:00,-281.942023
2021-08-11 0:00,464.7084175
2021-08-12 0:00,436.2812097
2021-08-13 0:00,552.0257595
2021-08-14 0:00,309.3626156
2021-08-15 0:00,1726.900243
2021-08-16 0:00,533.3373547
2021-08-17 0:00,-133.1671009
2021-08-18 0:00,-524.1191924
2021-08-19 0:00,445.8760899
2021-08-20 0:00,-472.8621457
2021-08-21 0:00,-710.9359176
2021-08-22 0:00,328.7572581
2021-08-23 0:00,-181.6312665
2021-08-24 0:00,-283.9270189
2021-08-25 0:00,-320.3489685
2021-08-26 0:00,-669.0614871
2021-08-27 0:00,645.8645406
2021-08-28 0:00,-867.4367745
2021-08-29 0:00,-379.6146888
2021-08-30 0:00,-137.1050162
2021-08-31 0:00,-388.1464273
2021-09-01 0:00,-100.8622447
2021-09-02 0:00,1300.353614
2021-09-03 0:00,-761.425513
2021-09-04 0:00,1150.674475
2021-09-05 0:00,-531.0604907
2021-09-06 0:00,-772.8333086
2021-09-07 0:00,-184.4032577
2021-09-08 0:00,449.7309423
2021-09-09 0:00,434.1331204
2021-09-10 0:00,1153.516994
2021-09-11 0:00,77.84719292
2021-09-12 0:00,-719.3580438
2021-09-13 0:00,750.2385704
2021-09-14 0:00,-667.9389916
2021-09-15 0:00,364.5644626
2021-09-16 0:00,110.0710264
2021-09-17 0:00,-392.7571718
2021-09-18 0:00,-110.6061398
2021-09-19 0:00,-652.7818789
2021-09-20 0:00,1325.21009
2021-09-21 0:00,-89.26095408
2021-09-22 0:00,355.9946704
2021-09-23 0:00,249.3679804
2021-09-24 0:00,-82.62075965
2021-09-25 0:00,-822.4371192
2021-09-26 0:00,25.89977877
2021-09-27 0:00,-450.4411924
2021-09-28 0:00,-378.0489212
2021-09-29 0:00,-515.9655401
2021-09-30 0:00,-162.5940542
2021-10-01 0:00,-992.2113786
2021-10-02 0:00,118.9920349
2021-10-03 0:00,-364.9516283
2021-10-04 0:00,-497.0965125
2021-10-05 0:00,-320.2565834
2021-10-06 0:00,1108.336084
2021-10-07 0:00,433.7680268
2021-10-08 0:00,-490.0126741
2021-10-09 0:00,94.34375241
2021-10-10 0:00,456.0127558
2021-10-11 0:00,-496.4898282
2021-10-12 0:00,550.9125928
2021-10-13 0:00,-852.0654382
2021-10-14 0:00,-895.0676477
2021-10-15 0:00,-318.6621895
2021-10-16 0:00,-1037.41337
2021-10-17 0:00,518.2397867
2021-10-18 0:00,-454.0109527
2021-10-19 0:00,383.9356714
2021-10-20 0:00,82.17551856
2021-10-21 0:00,-318.0677161
2021-10-22 0:00,-610.5099372
2021-10-23 0:00,-991.179637
2021-10-24 0:00,120.4057343
2021-10-25 0:00,790.3638533
2021-10-26 0:00,320.3649318
2021-10-27 0:00,-669.5354671
2021-10-28 0:00,-331.6215971
2021-10-29 0:00,66.70809782
2021-10-30 0:00,397.9719125
2021-10-31 0:00,600.2575201
2021-11-01 0:00,-717.3117232
2021-11-02 0:00,-424.219707
2021-11-03 0:00,-358.5023039
2021-11-04 0:00,663.258388
2021-11-05 0:00,746.4023656
2021-11-06 0:00,-400.8861491
2021-11-07 0:00,-419.4032836
2021-11-08 0:00,-616.3548357
2021-11-09 0:00,1374.576375
2021-11-10 0:00,-51.49602567
2021-11-11 0:00,-630.9339716
2021-11-12 0:00,349.6031072
2021-11-13 0:00,532.5100775
2021-11-14 0:00,-240.7269423
2021-11-15 0:00,445.9659368
2021-11-16 0:00,-1289.636992
2021-11-17 0:00,853.9147608
2021-11-18 0:00,-741.9040602
2021-11-19 0:00,-531.7606263
2021-11-20 0:00,-99.43691465
2021-11-21 0:00,-579.0062373
2021-11-22 0:00,-341.2193829
2021-11-23 0:00,554.375265
2021-11-24 0:00,852.0655877
2021-11-25 0:00,-938.6490069
2021-11-26 0:00,1496.287844
2021-11-27 0:00,-694.882159
2021-11-28 0:00,-213.8923963
2021-11-29 0:00,-203.350474
2021-11-30 0:00,-281.4377975
2021-12-01 0:00,565.1295833
2021-12-02 0:00,-322.6264548
2021-12-03 0:00,-1325.688939
2021-12-04 0:00,-254.1023726
2021-12-05 0:00,-387.0210357
2021-12-06 0:00,-161.9274293
2021-12-07 0:00,-70.01978896
2021-12-08 0:00,-409.8964065
2021-12-09 0:00,-536.1396641
2021-12-10 0:00,-65.22519474
2021-12-11 0:00,-302.5094026
2021-12-12 0:00,623.092336
2021-12-13 0:00,335.0459657
2021-12-14 0:00,-395.171813
2021-12-15 0:00,-221.9498062
2021-12-16 0:00,93.23371872
2021-12-17 0:00,-189.9394427
2021-12-18 0:00,1089.32526
2021-12-19 0:00,139.4291225
2021-12-20 0:00,-208.4615863
2021-12-21 0:00,-361.2496689
2021-12-22 0:00,-770.7509938
2021-12-23 0:00,-768.3670518
2021-12-24 0:00,-453.2633262
2021-12-25 0:00,-594.3244284
2021-12-26 0:00,-494.1174541
2021-12-27 0:00,-163.0469956
2021-12-28 0:00,1726.023884
2021-12-29 0:00,-35.87806633
2021-12-30 0:00,-230.915277
2021-12-31 0:00,-115.5843662
2022-01-01 0:00,430.9278931
2022-01-02 0:00,-151.9451493
2022-01-03 0:00,429.7273931
2022-01-04 0:00,-154.1902349
2022-01-05 0:00,-254.4892006
2022-01-06 0:00,215.2467456
2022-01-07 0:00,973.6860654
2022-01-08 0:00,404.2680916
2022-01-09 0:00,688.2707728
2022-01-10 0:00,-73.17521783
2022-01-11 0:00,111.7593993
2022-01-12 0:00,1053.871592
2022-01-13 0:00,-624.383904
2022-01-14 0:00,235.4085213
2022-01-15 0:00,-875.8644189
2022-01-16 0:00,-163.3984978
2022-01-17 0:00,-399.7623543
2022-01-18 0:00,-409.5004637
2022-01-19 0:00,1011.576415
2022-01-20 0:00,383.8053701
2022-01-21 0:00,363.6604739
2022-01-22 0:00,-410.6108212
2022-01-23 0:00,-74.01269025
2022-01-24 0:00,-257.8944532
2022-01-25 0:00,-310.6536382
2022-01-26 0:00,-527.6964629
2022-01-27 0:00,-68.07098973
2022-01-28 0:00,-122.6201999
2022-01-29 0:00,-239.8244983
2022-01-30 0:00,-243.6630938
2022-01-31 0:00,-118.967916
2022-02-01 0:00,-168.9265596
2022-02-02 0:00,-187.487056
2022-02-03 0:00,-488.0270316
2022-02-04 0:00,-738.9106086
2022-02-05 0:00,403.4638338
2022-02-06 0:00,-120.3496208
2022-02-07 0:00,108.4791503
2022-02-08 0:00,694.4614181
2022-02-09 0:00,-449.1136064
2022-02-10 0:00,-278.121825
2022-02-11 0:00,606.4222485
2022-02-12 0:00,-392.8537991
2022-02-13 0:00,-573.1380947
2022-02-14 0:00,-228.4853045
2022-02-15 0:00,-255.4546875
2022-02-16 0:00,259.6597682
2022-02-17 0:00,-140.5336462
2022-02-18 0:00,-83.75316859
2022-02-19 0:00,-203.5092316
2022-02-20 0:00,-88.92559021
2022-02-21 0:00,-228.6525965
2022-02-22 0:00,1724.220006
2022-02-23 0:00,335.3775603
2022-02-24 0:00,-249.0744347
2022-02-25 0:00,-70.59253599
2022-02-26 0:00,-58.37794881
2022-02-27 0:00,546.4771734
2022-02-28 0:00,-60.7405954
2022-03-01 0:00,154.3162316
2022-03-02 0:00,-327.681975
2022-03-03 0:00,1223.495
2022-03-04 0:00,-115.052352
2022-03-05 0:00,-297.943438
2022-03-06 0:00,-501.6717181
2022-03-07 0:00,-73.24133396
2022-03-08 0:00,1182.418829
2022-03-09 0:00,305.9584363
2022-03-10 0:00,-206.0834244
2022-03-11 0:00,1561.29163
2022-03-12 0:00,-595.0359489
2022-03-13 0:00,-214.0619803
2022-03-14 0:00,805.820087
2022-03-15 0:00,-332.9533294
2022-03-16 0:00,-95.70727407
2022-03-17 0:00,-221.4682842
2022-03-18 0:00,-74.84796666
2022-03-19 0:00,287.0877659
2022-03-20 0:00,-75.06039872
2022-03-21 0:00,215.7241867
2022-03-22 0:00,358.6489011
2022-03-23 0:00,-71.25889927
2022-03-24 0:00,50.59899138
2022-03-25 0:00,-70.87097939
2022-03-26 0:00,389.2366404
2022-03-27 0:00,-597.4426026
2022-03-28 0:00,638.1770276
2022-03-29 0:00,-842.4676642
2022-03-30 0:00,2025.476346
2022-03-31 0:00,-231.735297
2022-04-01 0:00,-253.4234946
2022-04-02 0:00,-640.7505691
2022-04-03 0:00,-158.2159167
2022-04-04 0:00,1481.841676
2022-04-05 0:00,-190.0308727
2022-04-06 0:00,-89.50883021
2022-04-07 0:00,1103.991535
2022-04-08 0:00,-505.4091207
2022-04-09 0:00,-428.2619359
2022-04-10 0:00,153.8764505
2022-04-11 0:00,-216.3548053
2022-04-12 0:00,577.5200736
2022-04-13 0:00,279.4308346
2022-04-14 0:00,411.6999359
2022-04-15 0:00,541.9147091
2022-04-16 0:00,225.9341342
2022-04-17 0:00,-719.9702327
2022-04-18 0:00,-233.8691346
2022-04-19 0:00,972.8135429
2022-04-20 0:00,-163.705578
2022-04-21 0:00,1519.574138
2022-04-22 0:00,-121.2445478
2022-04-23 0:00,-336.4767759
2022-04-24 0:00,1720.98589
2022-04-25 0:00,-293.1837303
2022-04-26 0:00,-42.97357835
2022-04-27 0:00,-107.4313074
2022-04-28 0:00,-639.802571
2022-04-29 0:00,-368.775237
2022-04-30 0:00,-104.5036578
2022-05-01 0:00,-510.8317578
2022-05-02 0:00,833.3087741
2022-05-03 0:00,-330.3790768
2022-05-04 0:00,-241.9137107
2022-05-05 0:00,1942.599264
2022-05-06 0:00,-429.5609947
2022-05-07 0:00,-689.1207393
2022-05-08 0:00,397.7150526
2022-05-09 0:00,-286.0958456
2022-05-10 0:00,-99.37546658
2022-05-11 0:00,-500.5437084
2022-05-12 0:00,263.8001524
2022-05-13 0:00,-690.2315856
2022-05-14 0:00,127.927288
2022-05-15 0:00,-348.0189079
2022-05-16 0:00,524.6208748
2022-05-17 0:00,301.5574274
2022-05-18 0:00,462.8662319
2022-05-19 0:00,519.3661694
2022-05-20 0:00,2385.81548
2022-05-21 0:00,-357.2710946
2022-05-22 0:00,-932.5076556
2022-05-23 0:00,818.4251453
2022-05-24 0:00,-121.2567091
2022-05-25 0:00,762.2809826
2022-05-26 0:00,-306.7997372
2022-05-27 0:00,-576.7248223
2022-05-28 0:00,-631.1738867
2022-05-29 0:00,-478.4961435
2022-05-30 0:00,-906.6789175
2022-05-31 0:00,831.9530082
2022-06-01 0:00,-163.5322295
2022-06-02 0:00,1171.165443
2022-06-03 0:00,-215.1193451
2022-06-04 0:00,-60.15973387
2022-06-05 0:00,-504.6773691
2022-06-06 0:00,-388.6188913
2022-06-07 0:00,-218.4371554
2022-06-08 0:00,267.4032797
2022-06-09 0:00,1831.40371
2022-06-10 0:00,-599.9368583
2022-06-11 0:00,-131.0813565
2022-06-12 0:00,-321.6245444
2022-06-13 0:00,-275.8830215
2022-06-14 0:00,26.88283286
2022-06-15 0:00,799.3991658
2022-06-16 0:00,130.6850275
2022-06-17 0:00,-44.65038056
2022-06-18 0:00,122.1252118
2022-06-19 0:00,-246.2427921
2022-06-20 0:00,56.70719447
2022-06-21 0:00,-331.1538366
2022-06-22 0:00,-508.3595858
2022-06-23 0:00,1874.462961
2022-06-24 0:00,543.1008783
2022-06-25 0:00,-643.6459839
2022-06-26 0:00,363.0248381
2022-06-27 0:00,652.4956763
2022-06-28 0:00,410.4410955
2022-06-29 0:00,-219.5029742
2022-06-30 0:00,644.500182
2022-07-01 0:00,-730.0790802
2022-07-02 0:00,297.9217073
2022-07-03 0:00,-329.2898035
2022-07-04 0:00,547.4417742
2022-07-05 0:00,548.5971531
2022-07-06 0:00,369.1800962
2022-07-07 0:00,868.2934806
2022-07-08 0:00,-327.7750211
2022-07-09 0:00,-153.8293419
2022-07-10 0:00,-105.0250171
2022-07-11 0:00,-165.1846305
2022-07-12 0:00,388.2015514
2022-07-13 0:00,-147.938052
2022-07-14 0:00,-325.7984007
2022-07-15 0:00,-149.1716818
2022-07-16 0:00,-189.0796368
2022-07-17 0:00,-305.795811
2022-07-18 0:00,30.04786085
2022-07-19 0:00,-304.8781605
2022-07-20 0:00,933.5263093
2022-07-21 0:00,-35.27689033
2022-07-22 0:00,-225.222182
2022-07-23 0:00,1080.927507
2022-07-24 0:00,-521.8976091
2022-07-25 0:00,-398.807047
2022-07-26 0:00,1086.958115
2022-07-27 0:00,-423.5275018
2022-07-28 0:00,1016.09126
2022-07-29 0:00,-330.5270466
2022-07-30 0:00,-316.9630997
2022-07-31 0:00,-251.4108425
2022-08-01 0:00,444.8692875
2022-08-02 0:00,-78.71775233
2022-08-03 0:00,-431.6398814
2022-08-04 0:00,-619.2375912
2022-08-05 0:00,977.4990428
2022-08-06 0:00,1192.225715
2022-08-07 0:00,415.5804034
2022-08-08 0:00,-491.5212277
2022-08-09 0:00,201.8752497
2022-08-10 0:00,-321.942826
2022-08-11 0:00,-345.278132
2022-08-12 0:00,-343.3567734
2022-08-13 0:00,401.7147209
2022-08-14 0:00,-119.1859875
2022-08-15 0:00,-261.5423306
2022-08-16 0:00,-153.7881573
2022-08-17 0:00,-154.4257109
2022-08-18 0:00,-536.591848
2022-08-19 0:00,-296.0310399
2022-08-20 0:00,226.4415263
2022-08-21 0:00,450.6325827
2022-08-22 0:00,460.411833
2022-08-23 0:00,-493.8362643
2022-08-24 0:00,28.33121502
2022-08-25 0:00,450.9791524
2022-08-26 0:00,-114.1844439
2022-08-27 0:00,88.2987726
2022-08-28 0:00,-881.3381539
2022-08-29 0:00,-404.2964935
2022-08-30 0:00,-167.0658367
2022-08-31 0:00,699.1480944
2022-09-01 0:00,-136.4020069
2022-09-02 0:00,-516.0715452
2022-09-03 0:00,342.1982774
2022-09-04 0:00,811.024299
2022-09-05 0:00,-552.126162
2022-09-06 0:00,-48.25981485
2022-09-07 0:00,574.0496699
2022-09-08 0:00,-20.4655232
2022-09-09 0:00,-150.7739307
2022-09-10 0:00,-411.6897671
2022-09-11 0:00,-0.413709901
2022-09-12 0:00,-730.6555867
2022-09-13 0:00,-442.683761
2022-09-14 0:00,-674.942997
2022-09-15 0:00,-392.8681209
2022-09-16 0:00,-589.8353048
2022-09-17 0:00,383.8929446
2022-09-18 0:00,819.7262006
2022-09-19 0:00,-95.9181931
2022-09-20 0:00,670.8635374
2022-09-21 0:00,-675.0829509
2022-09-22 0:00,-592.1296545
2022-09-23 0:00,-492.2259549
2022-09-24 0:00,492.3425991
2022-09-25 0:00,-818.9850178
2022-09-26 0:00,-662.8802956
2022-09-27 0:00,-452.1638
2022-09-28 0:00,376.9971312
2022-09-29 0:00,114.1474235
2022-09-30 0:00,-326.7303697
2022-10-01 0:00,-527.2362007
2022-10-02 0:00,-505.8714412
2022-10-03 0:00,1197.4728
2022-10-04 0:00,-509.6183889
2022-10-05 0:00,743.8773182
2022-10-06 0:00,-288.9084268
2022-10-07 0:00,427.51552
2022-10-08 0:00,-501.1034173
2022-10-09 0:00,379.9141771
2022-10-10 0:00,260.9048828
2022-10-11 0:00,1475.145076
2022-10-12 0:00,-200.5048466
2022-10-13 0:00,-860.9755842
2022-10-14 0:00,996.2982732
2022-10-15 0:00,1420.29294
2022-10-16 0:00,-1058.552563
2022-10-17 0:00,-211.4926072
2022-10-18 0:00,-484.7280457
2022-10-19 0:00,-896.0783874
2022-10-20 0:00,2579.737547
2022-10-21 0:00,44.17550694
2022-10-22 0:00,-644.7417328
2022-10-23 0:00,-1016.795465
2022-10-24 0:00,479.7075394
2022-10-25 0:00,-44.24807179
2022-10-26 0:00,820.5478912
2022-10-27 0:00,-702.2973642
2022-10-28 0:00,-371.7466523
2022-10-29 0:00,-1010.529759
2022-10-30 0:00,512.6740131
2022-10-31 0:00,496.8454439
2022-11-01 0:00,991.0296227
2022-11-02 0:00,-465.0054666
2022-11-03 0:00,-400.564685
2022-11-04 0:00,557.7044879
2022-11-05 0:00,-480.0531124
2022-11-06 0:00,-435.8031669
2022-11-07 0:00,-453.7510738
2022-11-08 0:00,-813.9597519
2022-11-09 0:00,-27.60035967
2022-11-10 0:00,-307.5442402
2022-11-11 0:00,680.4433226
2022-11-12 0:00,851.6350681
2022-11-13 0:00,-102.0600025
2022-11-14 0:00,397.2650457
2022-11-15 0:00,99.80409389
2022-11-16 0:00,-498.85757
2022-11-17 0:00,89.15790765
2022-11-18 0:00,-435.3569793
2022-11-19 0:00,-1141.078445
2022-11-20 0:00,-439.2635415
2022-11-21 0:00,-548.8489902
2022-11-22 0:00,-224.7637192
2022-11-23 0:00,-706.4118588
2022-11-24 0:00,-589.406679
2022-11-25 0:00,-945.2402078
2022-11-26 0:00,-371.4767257
2022-11-27 0:00,2143.370065
2022-11-28 0:00,-825.6948002
2022-11-29 0:00,491.1247647
2022-11-30 0:00,-307.3620699
2022-12-01 0:00,-147.6349122
2022-12-02 0:00,-166.8703731
2022-12-03 0:00,-1148.340203
2022-12-04 0:00,-47.96320274
2022-12-05 0:00,-409.6980252
2022-12-06 0:00,-189.5053657
2022-12-07 0:00,-99.51612353
2022-12-08 0:00,209.5951102
2022-12-09 0:00,-134.0987454
2022-12-10 0:00,652.7433427
2022-12-11 0:00,-334.55785
2022-12-12 0:00,2353.694558
2022-12-13 0:00,-401.1320256
2022-12-14 0:00,-429.5052508
2022-12-15 0:00,-49.46857907
2022-12-16 0:00,-289.5195148
2022-12-17 0:00,-449.7604349
2022-12-18 0:00,597.5120644
2022-12-19 0:00,-127.629728
2022-12-20 0:00,-627.0319748
2022-12-21 0:00,1405.635715
2022-12-22 0:00,-797.1199767
2022-12-23 0:00,921.5900189
2022-12-24 0:00,-494.1996354
2022-12-25 0:00,-631.9404602
2022-12-26 0:00,-533.7910424
2022-12-27 0:00,-546.6404032
2022-12-28 0:00,165.8724316
2022-12-29 0:00,-593.7830869
2022-12-30 0:00,1032.153589
2022-12-31 0:00,-157.9011878
2023-01-01 0:00,-343.8155994
2023-01-02 0:00,299.9348756
2023-01-03 0:00,291.6681576
2023-01-04 0:00,468.6529483
2023-01-05 0:00,-294.2584297
2023-01-06 0:00,-475.0740916
2023-01-07 0:00,784.7232958
2023-01-08 0:00,259.2252733
2023-01-09 0:00,-126.0199854
2023-01-10 0:00,84.7753515
2023-01-11 0:00,-506.773754
2023-01-12 0:00,343.0497862
2023-01-13 0:00,-421.1028852
2023-01-14 0:00,-224.8393926
2023-01-15 0:00,-9.603470202
2023-01-16 0:00,2191.985197
2023-01-17 0:00,-832.3482181
2023-01-18 0:00,-443.4869818
2023-01-19 0:00,-147.2039775
2023-01-20 0:00,326.2902394
2023-01-21 0:00,-277.1172282
2023-01-22 0:00,-436.0354458
2023-01-23 0:00,-106.8043513
2023-01-24 0:00,685.3892006
2023-01-25 0:00,-342.2957326
2023-01-26 0:00,-215.7813368
2023-01-27 0:00,-106.3704415
2023-01-28 0:00,-349.2142201
2023-01-29 0:00,-273.1103958
2023-01-30 0:00,-276.7133982
2023-01-31 0:00,899.5692935
2023-02-01 0:00,-429.1470593
2023-02-02 0:00,-225.0602546
2023-02-03 0:00,-107.3302804
2023-02-04 0:00,-765.7759396
2023-02-05 0:00,351.3774052
2023-02-06 0:00,595.6422635
2023-02-07 0:00,-160.4776431
2023-02-08 0:00,656.2337678
2023-02-09 0:00,605.7303906
2023-02-10 0:00,-658.4206738
2023-02-11 0:00,-444.1111562
2023-02-12 0:00,-427.2029296
2023-02-13 0:00,-603.3248428
2023-02-14 0:00,-266.1966271
2023-02-15 0:00,996.5137068
2023-02-16 0:00,-531.6736747
2023-02-17 0:00,-182.1092316
2023-02-18 0:00,97.84683795
2023-02-19 0:00,-244.3171501
2023-02-20 0:00,-132.0962162
2023-02-21 0:00,-268.5225122
2023-02-22 0:00,532.332158
2023-02-23 0:00,-214.2586581
2023-02-24 0:00,-280.4482898
2023-02-25 0:00,568.3879972
2023-02-26 0:00,-96.73360238
2023-02-27 0:00,693.690136
2023-02-28 0:00,1012.004829
2023-03-01 0:00,-231.1314724
2023-03-02 0:00,356.8241361
2023-03-03 0:00,-206.6682372
2023-03-04 0:00,-152.3762352
2023-03-05 0:00,-331.0335661
2023-03-06 0:00,-530.0840407
2023-03-07 0:00,175.7015715
2023-03-08 0:00,-681.2025853
2023-03-09 0:00,-292.8878966
2023-03-10 0:00,-77.41474782
2023-03-11 0:00,-302.1752995
2023-03-12 0:00,620.8900404
2023-03-13 0:00,-236.4034961
2023-03-14 0:00,-270.2802205
2023-03-15 0:00,293.6067709
2023-03-16 0:00,592.6707704
2023-03-17 0:00,-244.6225466
2023-03-18 0:00,-101.1567372
2023-03-19 0:00,-395.097225
2023-03-20 0:00,108.4440554
2023-03-21 0:00,-306.443251
2023-03-22 0:00,293.7319036
2023-03-23 0:00,-92.62697062
2023-03-24 0:00,-163.0612169
2023-03-25 0:00,82.07336137
2023-03-26 0:00,87.50338482
2023-03-27 0:00,-605.3820492
2023-03-28 0:00,-117.6615878
2023-03-29 0:00,-841.5126724
2023-03-30 0:00,624.7991305
2023-03-31 0:00,-238.0364364
2023-04-01 0:00,-259.2141078
2023-04-02 0:00,82.5643657
2023-04-03 0:00,-169.3620506
2023-04-04 0:00,338.3611071
2023-04-05 0:00,-195.2572499
2023-04-06 0:00,1576.454009
2023-04-07 0:00,539.0445653
2023-04-08 0:00,-508.5723077
2023-04-09 0:00,-433.1256503
2023-04-10 0:00,1009.235094
2023-04-11 0:00,860.4116894
2023-04-12 0:00,-133.7505315
2023-04-13 0:00,616.4871189
2023-04-14 0:00,-344.0354696
2023-04-15 0:00,332.4066993
2023-04-16 0:00,-453.4245135
2023-04-17 0:00,381.4433869
2023-04-18 0:00,165.1572314
2023-04-19 0:00,585.7166668
2023-04-20 0:00,-179.0626675
2023-04-21 0:00,389.2408944
2023-04-22 0:00,-504.3131891
2023-04-23 0:00,-341.0919432
2023-04-24 0:00,34.44883133
2023-04-25 0:00,202.2535316
2023-04-26 0:00,-445.1445563
2023-04-27 0:00,2277.766068
2023-04-28 0:00,-641.2298219
2023-04-29 0:00,-376.2203701
2023-04-30 0:00,-117.7893401
2023-05-01 0:00,-515.0257056
2023-05-02 0:00,-287.0534262
2023-05-03 0:00,-143.8272566
2023-05-04 0:00,-22.45046274
2023-05-05 0:00,203.0649779
2023-05-06 0:00,329.28562
2023-05-07 0:00,1613.949481
2023-05-08 0:00,-152.6898559
2023-05-09 0:00,-295.5263965
2023-05-10 0:00,-112.9138154
2023-05-11 0:00,440.4061259
2023-05-12 0:00,-452.8075586
2023-05-13 0:00,392.5017855
2023-05-14 0:00,-558.4031567
2023-05-15 0:00,-358.7717197
2023-05-16 0:00,810.3698175
2023-05-17 0:00,1695.594548
2023-05-18 0:00,213.0544177
2023-05-19 0:00,-241.9737311
2023-05-20 0:00,-218.5442915
2023-05-21 0:00,-359.0308417
2023-05-22 0:00,-921.4732486
2023-05-23 0:00,-221.0695223
2023-05-24 0:00,580.4884185
2023-05-25 0:00,378.699049
2023-05-26 0:00,-306.4667558
2023-05-27 0:00,1288.826481
2023-05-28 0:00,-830.7943405
2023-05-29 0:00,1209.940889
2023-05-30 0:00,-908.1568225
2023-05-31 0:00,-178.9340636
2023-06-01 0:00,1212.581754
2023-06-02 0:00,-652.9603779
2023-06-03 0:00,-141.9961436
2023-06-04 0:00,-471.3210504
2023-06-05 0:00,-282.8218945
2023-06-06 0:00,-394.4947003
2023-06-07 0:00,-453.4691714
2023-06-08 0:00,-800.4968204
2023-06-09 0:00,185.5504613
2023-06-10 0:00,-587.7766865
2023-06-11 0:00,-129.397681
2023-06-12 0:00,1053.326875
2023-06-13 0:00,-277.1955703
2023-06-14 0:00,547.8664307
2023-06-15 0:00,407.4394808
2023-06-16 0:00,388.3888563
2023-06-17 0:00,-58.12265
2023-06-18 0:00,-659.8032817
2023-06-19 0:00,-246.3632938
2023-06-20 0:00,719.963365
2023-06-21 0:00,335.9193051
2023-06-22 0:00,491.6909308
2023-06-23 0:00,72.44399537
2023-06-24 0:00,-173.8396695
2023-06-25 0:00,-966.0311932
2023-06-26 0:00,1326.039019
2023-06-27 0:00,581.0980301
2023-06-28 0:00,-337.4138981
2023-06-29 0:00,-274.8395341
2023-06-30 0:00,774.5785965
2023-07-01 0:00,-873.3041142
2023-07-02 0:00,-255.7768753
2023-07-03 0:00,235.7527688
2023-07-04 0:00,824.3857159
2023-07-05 0:00,-146.6548548
2023-07-06 0:00,-821.5551531
2023-07-07 0:00,-822.7503418
2023-07-08 0:00,27.67127775
2023-07-09 0:00,634.9358735
2023-07-10 0:00,-317.695479
2023-07-11 0:00,177.4521976
2023-07-12 0:00,-412.5389587
2023-07-13 0:00,584.9035405
2023-07-14 0:00,-312.7817957
2023-07-15 0:00,-140.1398536
2023-07-16 0:00,836.578503
2023-07-17 0:00,39.07629219
2023-07-18 0:00,19.97801344
2023-07-19 0:00,-298.5679206
2023-07-20 0:00,1097.281149
2023-07-21 0:00,-111.1570173
2023-07-22 0:00,-221.1077142
2023-07-23 0:00,-645.0093352
2023-07-24 0:00,-503.4155243
2023-07-25 0:00,-383.1444251
2023-07-26 0:00,-406.4151546
2023-07-27 0:00,-400.6442544
2023-07-28 0:00,-168.0582514
2023-07-29 0:00,416.0015626
2023-07-30 0:00,-294.5761981
2023-07-31 0:00,107.2679144
2023-08-01 0:00,-219.697925
2023-08-02 0:00,-285.7466118
2023-08-03 0:00,3659.09053
2023-08-04 0:00,1110.035025
2023-08-05 0:00,121.9830054
2023-08-06 0:00,-129.8309697
2023-08-07 0:00,459.2652378
2023-08-08 0:00,474.1191892
2023-08-09 0:00,1268.603655
2023-08-10 0:00,-323.0469134
2023-08-11 0:00,-345.8585439
2023-08-12 0:00,1052.272727
2023-08-13 0:00,1155.552399
2023-08-14 0:00,-278.2530767
2023-08-15 0:00,-272.9670709
2023-08-16 0:00,103.8635476
2023-08-17 0:00,489.0969969
2023-08-18 0:00,-545.9196399
2023-08-19 0:00,-310.6638448
2023-08-20 0:00,-509.2485815
2023-08-21 0:00,-746.8495048
2023-08-22 0:00,366.8784238
2023-08-23 0:00,213.0733426
2023-08-24 0:00,-321.7371108
2023-08-25 0:00,716.3767025
2023-08-26 0:00,169.4772747
2023-08-27 0:00,498.5191509
2023-08-28 0:00,-879.6869058
2023-08-29 0:00,-235.8262587
2023-08-30 0:00,-182.0592609
2023-08-31 0:00,262.9084011
2023-09-01 0:00,523.3200809
2023-09-02 0:00,-524.2485832
2023-09-03 0:00,-801.1392229
2023-09-04 0:00,-203.1325326
2023-09-05 0:00,73.78516435
2023-09-06 0:00,-153.5239602
2023-09-07 0:00,-241.331793
2023-09-08 0:00,-719.361207
2023-09-09 0:00,-152.808003
2023-09-10 0:00,-407.9150868
2023-09-11 0:00,25.52221389
2023-09-12 0:00,-719.9251456
2023-09-13 0:00,1004.687274
2023-09-14 0:00,-672.0335407
2023-09-15 0:00,716.3483132
2023-09-16 0:00,-593.8383072
2023-09-17 0:00,873.2442562
2023-09-18 0:00,-164.4192617
2023-09-19 0:00,10.85198866
2023-09-20 0:00,473.1078772
2023-09-21 0:00,-674.5285113
2023-09-22 0:00,-372.3615823
2023-09-23 0:00,-496.7306585
2023-09-24 0:00,-254.2764812
2023-09-25 0:00,-812.8356443
2023-09-26 0:00,-660.2285389
2023-09-27 0:00,-454.2077665
2023-09-28 0:00,714.3820396
2023-09-29 0:00,-535.7782428
2023-09-30 0:00,-938.7422223
2023-10-01 0:00,-983.5883279
2023-10-02 0:00,207.451724
2023-10-03 0:00,281.7641871
2023-10-04 0:00,-503.2282604
2023-10-05 0:00,5.12624193
2023-10-06 0:00,-284.1179262
2023-10-07 0:00,1648.13993
2023-10-08 0:00,843.051542
2023-10-09 0:00,-575.8320789
2023-10-10 0:00,306.348663
2023-10-11 0:00,-549.7061181
2023-10-12 0:00,60.93107186
2023-10-13 0:00,590.3608547
2023-10-14 0:00,-472.2003478
2023-10-15 0:00,-380.5805622
2023-10-16 0:00,-254.7368803
2023-10-17 0:00,-203.3739898
2023-10-18 0:00,284.4873268
2023-10-19 0:00,303.7477425
2023-10-20 0:00,-582.69247
2023-10-21 0:00,-349.3778524
2023-10-22 0:00,-619.8653412
2023-10-23 0:00,804.7485361
2023-10-24 0:00,505.9842934
2023-10-25 0:00,459.9464052
2023-10-26 0:00,379.5237124
2023-10-27 0:00,-684.8811432
2023-10-28 0:00,411.4835471
2023-10-29 0:00,919.8432441
2023-10-30 0:00,-620.7850386
2023-10-31 0:00,657.9652414
2023-11-01 0:00,1622.057444
2023-11-02 0:00,-463.6520819
2023-11-03 0:00,824.1702168
2023-11-04 0:00,-179.1998299
2023-11-05 0:00,1053.136318
2023-11-06 0:00,229.1310816
2023-11-07 0:00,-243.7197364
2023-11-08 0:00,-817.9299746
2023-11-09 0:00,-530.6316299
2023-11-10 0:00,345.6879486
2023-11-11 0:00,-479.3842487
2023-11-12 0:00,1089.818352
2023-11-13 0:00,515.3464868
2023-11-14 0:00,-306.0146254
2023-11-15 0:00,-743.7987283
2023-11-16 0:00,-1306.025041
2023-11-17 0:00,937.234148
2023-11-18 0:00,-112.8206124
2023-11-19 0:00,-1131.721602
2023-11-20 0:00,251.9213219
2023-11-21 0:00,-27.80865578
2023-11-22 0:00,363.520686
2023-11-23 0:00,-714.8873456
2023-11-24 0:00,-600.4446639
2023-11-25 0:00,-274.9589858
2023-11-26 0:00,-728.1749394
2023-11-27 0:00,-148.0671977
2023-11-28 0:00,65.92825446
2023-11-29 0:00,879.6326735
2023-11-30 0:00,-321.4695499
2023-12-01 0:00,56.33094444
2023-12-02 0:00,420.772237
2023-12-03 0:00,-922.4146579
2023-12-04 0:00,-362.5664979
2023-12-05 0:00,-424.6405125
2023-12-06 0:00,-209.2747804
2023-12-07 0:00,978.4434535
2023-12-08 0:00,-465.1225976
2023-12-09 0:00,-294.1408949
2023-12-10 0:00,-138.8060164
2023-12-11 0:00,1184.981703
2023-12-12 0:00,-378.1796295
2023-12-13 0:00,-408.1595733
2023-12-14 0:00,-435.8703997
2023-12-15 0:00,-274.7623272
2023-12-16 0:00,275.249593
2023-12-17 0:00,-457.1791886
2023-12-18 0:00,60.82832246
2023-12-19 0:00,-139.7523598
2023-12-20 0:00,-411.8892947
2023-12-21 0:00,-561.1344552
2023-12-22 0:00,-786.398872
2023-12-23 0:00,452.4697036
2023-12-24 0:00,1205.877685
2023-12-25 0:00,97.70350428
2023-12-26 0:00,-537.8227036
2023-12-27 0:00,91.53174891
2023-12-28 0:00,-130.1039798
2023-12-29 0:00,-218.7978812
2023-12-30 0:00,408.545017
2023-12-31 0:00,-170.6922601
2024-01-01 0:00,-352.4164687
2024-01-02 0:00,841.5737381
2024-01-03 0:00,470.6355326
2024-01-04 0:00,610.0883998
2024-01-05 0:00,-307.8137162
2024-01-06 0:00,116.7609413
2024-01-07 0:00,-371.5459448
2024-01-08 0:00,-397.8033402
2024-01-09 0:00,45.88067338
2024-01-10 0:00,-125.6755157
2024-01-11 0:00,113.6542367
2024-01-12 0:00,-36.16278717
2024-01-13 0:00,-648.2381088
2024-01-14 0:00,1676.748291
2024-01-15 0:00,-632.0047454
2024-01-16 0:00,-263.0825808
2024-01-17 0:00,-822.9484754
2024-01-18 0:00,157.9568185
2024-01-19 0:00,-155.7911031
2024-01-20 0:00,-429.1028044
2024-01-21 0:00,378.5223215
2024-01-22 0:00,-437.7133946
2024-01-23 0:00,233.5572114
2024-01-24 0:00,286.7255483
2024-01-25 0:00,-345.7865181
2024-01-26 0:00,-560.6584701
2024-01-27 0:00,-113.5326049
2024-01-28 0:00,-13.91618106
2024-01-29 0:00,-278.0476772
2024-01-30 0:00,-281.5483035
2024-01-31 0:00,437.91013
2024-02-01 0:00,-428.4877131
2024-02-02 0:00,-228.9402737
2024-02-03 0:00,-525.2296324
2024-02-04 0:00,-755.7329445
2024-02-05 0:00,98.61328734
2024-02-06 0:00,-179.7302025
2024-02-07 0:00,-159.2928657
2024-02-08 0:00,975.0695686
2024-02-09 0:00,140.0993777
2024-02-10 0:00,-645.5103865
2024-02-11 0:00,-436.0227692
2024-02-12 0:00,-419.5268895
2024-02-13 0:00,-591.7686639
2024-02-14 0:00,853.9337824
2024-02-15 0:00,-321.509904
2024-02-16 0:00,-520.8689178
2024-02-17 0:00,-179.123281
2024-02-18 0:00,-129.6534605
2024-02-19 0:00,-238.9348886
2024-02-20 0:00,-129.2326709
2024-02-21 0:00,149.190554
2024-02-22 0:00,-257.2017126
2024-02-23 0:00,522.9668366
2024-02-24 0:00,1065.330238
2024-02-25 0:00,-126.2367019
2024-02-26 0:00,-99.2582821
2024-02-27 0:00,130.5675416
2024-02-28 0:00,308.6390447
2024-02-29 0:00,-224.9398097
2024-03-01 0:00,-370.5510567
2024-03-02 0:00,-197.7645461
2024-03-03 0:00,-144.7195285
2024-03-04 0:00,1299.499723
2024-03-05 0:00,-521.4273749
2024-03-06 0:00,-118.1188414
2024-03-07 0:00,-667.8995234
2024-03-08 0:00,-98.59625018
2024-03-09 0:00,401.7803109
2024-03-10 0:00,37.44232208
2024-03-11 0:00,-623.6931787
2024-03-12 0:00,256.3276496
2024-03-13 0:00,-267.3505104
2024-03-14 0:00,-357.3106573
2024-03-15 0:00,-131.8756017
2024-03-16 0:00,-82.53682889
2024-03-17 0:00,629.5083253
2024-03-18 0:00,-387.2271248
2024-03-19 0:00,-101.5239373
2024-03-20 0:00,-453.1613363
2024-03-21 0:00,357.4256369
2024-03-22 0:00,135.6070792
2024-03-23 0:00,-160.0919349
2024-03-24 0:00,551.6204727
2024-03-25 0:00,-280.5099796
2024-03-26 0:00,-593.0527593
2024-03-27 0:00,1686.121117
2024-03-28 0:00,-832.1335964
2024-03-29 0:00,-154.706913
2024-03-30 0:00,-238.5945272
2024-03-31 0:00,1134.271053
2024-04-01 0:00,-651.8783234
2024-04-02 0:00,-174.419357
2024-04-03 0:00,-178.1288849
2024-04-04 0:00,-197.3844348
2024-04-05 0:00,81.93530972
2024-04-06 0:00,-157.4478347
2024-04-07 0:00,-493.8342504
2024-04-08 0:00,358.3088629
2024-04-09 0:00,83.40626742
2024-04-10 0:00,-244.9194589
2024-04-11 0:00,1498.266311
2024-04-12 0:00,-120.2798687
2024-04-13 0:00,-110.4060888
2024-04-14 0:00,-243.6843988
2024-04-15 0:00,171.722388
2024-04-16 0:00,35.60085075
2024-04-17 0:00,-467.0864398
2024-04-18 0:00,-128.7208205
2024-04-19 0:00,-163.7955238
2024-04-20 0:00,429.6070318
2024-04-21 0:00,-295.4475961
2024-04-22 0:00,-323.4173394
2024-04-23 0:00,516.3762418
2024-04-24 0:00,-287.784647
2024-04-25 0:00,-425.2002785
2024-04-26 0:00,-487.6238248
2024-04-27 0:00,37.6473455
2024-04-28 0:00,1778.321438
2024-04-29 0:00,-105.5185821
2024-04-30 0:00,-493.980677
2024-05-01 0:00,-117.6407146
2024-05-02 0:00,318.0270708
2024-05-03 0:00,-240.6991166
2024-05-04 0:00,-352.7210921
2024-05-05 0:00,-421.6369485
2024-05-06 0:00,1029.551784
2024-05-07 0:00,-133.1208986
2024-05-08 0:00,-272.8708498
2024-05-09 0:00,500.8303872
2024-05-10 0:00,-501.6794562
2024-05-11 0:00,-425.2759829
2024-05-12 0:00,1139.749774
2024-05-13 0:00,-532.022185
2024-05-14 0:00,-336.9472014
2024-05-15 0:00,244.0084549
2024-05-16 0:00,-466.7265128
2024-05-17 0:00,2189.368707
2024-05-18 0:00,-468.7672989
2024-05-19 0:00,211.3452162
2024-05-20 0:00,-334.8194011
2024-05-21 0:00,-291.8392865
2024-05-22 0:00,-202.8764421
2024-05-23 0:00,-123.3174348
2024-05-24 0:00,1651.345857
2024-05-25 0:00,-289.0256677
2024-05-26 0:00,-588.4909127
2024-05-27 0:00,-1172.522173
2024-05-28 0:00,355.8448528
2024-05-29 0:00,-227.6665211
2024-05-30 0:00,273.5552043
2024-05-31 0:00,269.0679977
2024-06-01 0:00,105.5921406
2024-06-02 0:00,330.8943224
2024-06-03 0:00,-110.8853299
2024-06-04 0:00,-484.303251
2024-06-05 0:00,352.0357417
2024-06-06 0:00,-429.46808
2024-06-07 0:00,-120.3204415
2024-06-08 0:00,-194.0514052
2024-06-09 0:00,-562.2555401
2024-06-10 0:00,217.7695198
2024-06-11 0:00,50.86751425
2024-06-12 0:00,-255.7348241
2024-06-13 0:00,980.9910493
2024-06-14 0:00,-308.8398752
2024-06-15 0:00,-738.0333963
2024-06-16 0:00,102.6752879
2024-06-17 0:00,102.5627105
2024-06-18 0:00,416.8011513
2024-06-19 0:00,1436.16471
2024-06-20 0:00,-328.6762208
2024-06-21 0:00,-280.0767231
2024-06-22 0:00,504.6594123
2024-06-23 0:00,1131.498811
2024-06-24 0:00,-934.7470528
2024-06-25 0:00,-180.2655955
2024-06-26 0:00,606.2620095
2024-06-27 0:00,647.3529016
2024-06-28 0:00,-256.8193633
2024-06-29 0:00,-346.9287579
2024-06-30 0:00,-836.9997201
2024-07-01 0:00,-721.6925916
2024-07-02 0:00,546.5748386
2024-07-03 0:00,537.0205931
2024-07-04 0:00,986.1313538
2024-07-05 0:00,-399.6114134
2024-07-06 0:00,-571.6949035
2024-07-07 0:00,-299.3096033
2024-07-08 0:00,-142.8569717
2024-07-09 0:00,-295.0721483
2024-07-10 0:00,577.4874026
2024-07-11 0:00,262.1744292
2024-07-12 0:00,485.5500558
2024-07-13 0:00,339.006748
2024-07-14 0:00,579.0187436
2024-07-15 0:00,-582.8897701
2024-07-16 0:00,335.962906
2024-07-17 0:00,-682.1111608
2024-07-18 0:00,296.2430288
2024-07-19 0:00,-517.0297314
2024-07-20 0:00,-651.4292169
2024-07-21 0:00,1187.043083
2024-07-22 0:00,-32.1332785
2024-07-23 0:00,-481.2036133
2024-07-24 0:00,471.473855
2024-07-25 0:00,-390.3178032
2024-07-26 0:00,708.0721512
2024-07-27 0:00,-162.3370222
2024-07-28 0:00,624.5646549
2024-07-29 0:00,-61.80015085
2024-07-30 0:00,-232.9989702
2024-07-31 0:00,542.9390165
2024-08-01 0:00,-281.3344902
2024-08-02 0:00,232.6879343
2024-08-03 0:00,-617.5492699
2024-08-04 0:00,-279.1999199
2024-08-05 0:00,791.2345081
2024-08-06 0:00,-295.3717286
2024-08-07 0:00,-467.8511299
2024-08-08 0:00,-46.68372251
2024-08-09 0:00,-283.3076285
2024-08-10 0:00,-305.7916116
2024-08-11 0:00,1.771498564
2024-08-12 0:00,-231.8519983
2024-08-13 0:00,-150.0437595
2024-08-14 0:00,-224.2740751
2024-08-15 0:00,1327.930647
2024-08-16 0:00,-143.3348455
2024-08-17 0:00,-494.0503023
2024-08-18 0:00,-90.99787725
2024-08-19 0:00,358.079795
2024-08-20 0:00,-695.6553608
2024-08-21 0:00,1192.375817
2024-08-22 0:00,-468.9572472
2024-08-23 0:00,-280.8710599
2024-08-24 0:00,-77.54664048
2024-08-25 0:00,-666.3055485
2024-08-26 0:00,-1.58437868
2024-08-27 0:00,-591.6483235
2024-08-28 0:00,-366.1695729
2024-08-29 0:00,-135.5792837
2024-08-30 0:00,-410.1920603
2024-08-31 0:00,-116.4100249
2024-09-01 0:00,1343.304442
2024-09-02 0:00,776.6473605
2024-09-03 0:00,1103.288772
2024-09-04 0:00,-524.6666203
2024-09-05 0:00,348.87854
2024-09-06 0:00,-208.83565
2024-09-07 0:00,-676.386254
2024-09-08 0:00,-122.6202594
2024-09-09 0:00,335.2268281
2024-09-10 0:00,65.82489617
2024-09-11 0:00,1004.845179
2024-09-12 0:00,227.6968804
2024-09-13 0:00,-638.256503
2024-09-14 0:00,361.362293
2024-09-15 0:00,-560.3492695
2024-09-16 0:00,-424.1678028
2024-09-17 0:00,-134.7692418
2024-09-18 0:00,-648.3277089
2024-09-19 0:00,261.8891488
2024-09-20 0:00,506.1756537
2024-09-21 0:00,-560.6841882
2024-09-22 0:00,212.9813381
2024-09-23 0:00,-426.5976736
2024-09-24 0:00,-771.8834032
2024-09-25 0:00,-622.8532887
2024-09-26 0:00,-421.580624
2024-09-27 0:00,182.5667963
2024-09-28 0:00,-278.0243796
2024-09-29 0:00,-894.2550096
2024-09-30 0:00,40.86487417
2024-10-01 0:00,286.9459107
2024-10-02 0:00,-396.8723023
2024-10-03 0:00,-470.5424511
2024-10-04 0:00,-65.49505974
2024-10-05 0:00,-30.73118441
2024-10-06 0:00,-297.1269489
2024-10-07 0:00,-486.5581036
2024-10-08 0:00,-527.7206272
2024-10-09 0:00,-11.45594861
2024-10-10 0:00,1685.702147
2024-10-11 0:00,549.5244889
2024-10-12 0:00,-121.8995201
2024-10-13 0:00,240.203125
2024-10-14 0:00,-347.8897703
2024-10-15 0:00,-998.2308702
2024-10-16 0:00,-171.4131711
2024-10-17 0:00,-449.6001752
2024-10-18 0:00,-852.3938288
2024-10-19 0:00,67.39891686
2024-10-20 0:00,945.1226332
2024-10-21 0:00,-510.7965697
2024-10-22 0:00,-975.0910077
2024-10-23 0:00,-586.7892843
2024-10-24 0:00,-406.6205136
2024-10-25 0:00,-277.9334648
2024-10-26 0:00,-623.2509248
2024-10-27 0:00,-102.474154
2024-10-28 0:00,531.5861259
2024-10-29 0:00,201.5853018
2024-10-30 0:00,278.2192727
2024-10-31 0:00,76.7762525
2024-11-01 0:00,-398.1664846
2024-11-02 0:00,1107.374819
2024-11-03 0:00,-121.6111316
2024-11-04 0:00,-450.6369961
2024-11-05 0:00,-389.1876511
2024-11-06 0:00,151.5133427
2024-11-07 0:00,-238.6078075
2024-11-08 0:00,655.8091885
2024-11-09 0:00,-605.7760189
2024-11-10 0:00,-534.0333242
2024-11-11 0:00,-613.3138388
2024-11-12 0:00,339.2023229
2024-11-13 0:00,-233.0166031
2024-11-14 0:00,-661.399305
2024-11-15 0:00,-295.3405896
2024-11-16 0:00,-321.4267123
2024-11-17 0:00,-481.1588807
2024-11-18 0:00,127.9508453
2024-11-19 0:00,413.3317252
2024-11-20 0:00,967.5408231
2024-11-21 0:00,953.5782751
2024-11-22 0:00,-644.2930288
2024-11-23 0:00,541.1671512
2024-11-24 0:00,-258.8757816
2024-11-25 0:00,-39.32039828
2024-11-26 0:00,25.36303958
2024-11-27 0:00,670.8889023
2024-11-28 0:00,436.9854045
2024-11-29 0:00,-269.7907126
2024-11-30 0:00,-614.0111527
2024-12-01 0:00,-324.4143007
2024-12-02 0:00,-675.5610314
2024-12-03 0:00,-207.6714566
2024-12-04 0:00,-366.3250045
2024-12-05 0:00,-156.0096326
2024-12-06 0:00,-94.57213691
2024-12-07 0:00,-401.5668544
2024-12-08 0:00,815.82741
2024-12-09 0:00,306.6185518
2024-12-10 0:00,279.6306099
2024-12-11 0:00,-319.7779758
2024-12-12 0:00,-349.3551885
2024-12-13 0:00,-376.7155392
2024-12-14 0:00,-219.4555909
2024-12-15 0:00,449.0511455
2024-12-16 0:00,246.4479492
2024-12-17 0:00,-116.5951869
2024-12-18 0:00,754.2535412
2024-12-19 0:00,-577.0903825
2024-12-20 0:00,-506.1623838
2024-12-21 0:00,-726.6678536
2024-12-22 0:00,-252.1261631
2024-12-23 0:00,163.9961709
2024-12-24 0:00,-582.8022088
2024-12-25 0:00,254.1500236
2024-12-26 0:00,613.0800002
2024-12-27 0:00,-459.4238054
2024-12-28 0:00,-755.1595262
2024-12-29 0:00,-265.1896344
2024-12-30 0:00,-112.940215
2024-12-31 0:00,-290.8858275
