date,TargetXGB_passage
2016-01-01 0:00,-2556.376187
2016-01-02 0:00,1601.872269
2016-01-03 0:00,-952.3857113
2016-01-04 0:00,637.2267766
2016-01-05 0:00,-1002.582156
2016-01-06 0:00,-611.4375543
2016-01-07 0:00,1828.828688
2016-01-08 0:00,142.8435318
2016-01-09 0:00,-373.6180751
2016-01-10 0:00,-1071.42034
2016-01-11 0:00,977.9030171
2016-01-12 0:00,2403.723672
2016-01-13 0:00,-217.7375765
2016-01-14 0:00,214.3908531
2016-01-15 0:00,2053.858575
2016-01-16 0:00,2235.872652
2016-01-17 0:00,1523.046586
2016-01-18 0:00,-1440.990069
2016-01-19 0:00,1543.075412
2016-01-20 0:00,1185.014946
2016-01-21 0:00,-892.3888152
2016-01-22 0:00,4650.569949
2016-01-23 0:00,-1338.702175
2016-01-24 0:00,193.2775137
2016-01-25 0:00,487.0341435
2016-01-26 0:00,1953.989615
2016-01-27 0:00,594.8474711
2016-01-28 0:00,467.4740728
2016-01-29 0:00,-271.6556394
2016-01-30 0:00,-743.6184253
2016-01-31 0:00,-271.3288193
2016-02-01 0:00,98.91384733
2016-02-02 0:00,2326.070459
2016-02-03 0:00,981.0065527
2016-02-04 0:00,1644.607162
2016-02-05 0:00,-356.6617438
2016-02-06 0:00,1047.111486
2016-02-07 0:00,652.5687811
2016-02-08 0:00,1052.532431
2016-02-09 0:00,1926.52736
2016-02-10 0:00,-648.1634587
2016-02-11 0:00,1008.083744
2016-02-12 0:00,-1123.191079
2016-02-13 0:00,-1035.793604
2016-02-14 0:00,1101.142237
2016-02-15 0:00,-443.051262
2016-02-16 0:00,1855.287069
2016-02-17 0:00,1946.397523
2016-02-18 0:00,-1450.309081
2016-02-19 0:00,-1367.043509
2016-02-20 0:00,2012.27629
2016-02-21 0:00,-603.8806915
2016-02-22 0:00,69.68943186
2016-02-23 0:00,582.4658082
2016-02-24 0:00,-307.088836
2016-02-25 0:00,3080.370154
2016-02-26 0:00,-1101.771165
2016-02-27 0:00,1708.688583
2016-02-28 0:00,1080.346584
2016-02-29 0:00,-1461.836974
2016-03-01 0:00,-389.8081093
2016-03-02 0:00,-826.0483917
2016-03-03 0:00,806.5224505
2016-03-04 0:00,2324.039524
2016-03-05 0:00,-1901.81873
2016-03-06 0:00,727.2993654
2016-03-07 0:00,1577.353821
2016-03-08 0:00,-1309.886212
2016-03-09 0:00,-894.2058124
2016-03-10 0:00,-860.2882303
2016-03-11 0:00,-318.4293537
2016-03-12 0:00,1645.521612
2016-03-13 0:00,-1334.12805
2016-03-14 0:00,-558.3846842
2016-03-15 0:00,284.7089668
2016-03-16 0:00,-638.0079952
2016-03-17 0:00,-1077.717353
2016-03-18 0:00,-1021.773739
2016-03-19 0:00,-321.4573473
2016-03-20 0:00,1173.28664
2016-03-21 0:00,-56.63260711
2016-03-22 0:00,2257.009649
2016-03-23 0:00,875.7746943
2016-03-24 0:00,-200.3231864
2016-03-25 0:00,-522.6167299
2016-03-26 0:00,2821.228633
2016-03-27 0:00,1068.374963
2016-03-28 0:00,-1680.844412
2016-03-29 0:00,-1576.966969
2016-03-30 0:00,-1178.545773
2016-03-31 0:00,-2147.834731
2016-04-01 0:00,-3509.772921
2016-04-02 0:00,325.4892989
2016-04-03 0:00,-1722.431009
2016-04-04 0:00,-2660.867371
2016-04-05 0:00,2007.322754
2016-04-06 0:00,1.306142608
2016-04-07 0:00,-1467.350651
2016-04-08 0:00,-877.0727819
2016-04-09 0:00,-1206.09707
2016-04-10 0:00,1558.619404
2016-04-11 0:00,-3812.632796
2016-04-12 0:00,101.4996589
2016-04-13 0:00,1378.902488
2016-04-14 0:00,-1721.862493
2016-04-15 0:00,-2395.036296
2016-04-16 0:00,546.2488874
2016-04-17 0:00,-1006.097575
2016-04-18 0:00,-619.8521721
2016-04-19 0:00,-2098.458549
2016-04-20 0:00,2188.530725
2016-04-21 0:00,-2221.720131
2016-04-22 0:00,-1051.270524
2016-04-23 0:00,-1217.350234
2016-04-24 0:00,75.95301531
2016-04-25 0:00,-2378.531433
2016-04-26 0:00,2171.667401
2016-04-27 0:00,-2716.633631
2016-04-28 0:00,-902.5617674
2016-04-29 0:00,749.6890462
2016-04-30 0:00,-487.1423206
2016-05-01 0:00,-2409.376442
2016-05-02 0:00,-9.906122475
2016-05-03 0:00,-2631.416485
2016-05-04 0:00,-2665.172713
2016-05-05 0:00,922.0074217
2016-05-06 0:00,1295.740661
2016-05-07 0:00,-4890.355493
2016-05-08 0:00,2089.49808
2016-05-09 0:00,-1568.998614
2016-05-10 0:00,-540.1554517
2016-05-11 0:00,185.0637551
2016-05-12 0:00,353.8307472
2016-05-13 0:00,65.08534925
2016-05-14 0:00,-2597.739649
2016-05-15 0:00,-2741.27041
2016-05-16 0:00,-2203.291791
2016-05-17 0:00,-1604.962161
2016-05-18 0:00,-693.1203579
2016-05-19 0:00,1167.768634
2016-05-20 0:00,2833.003886
2016-05-21 0:00,-1366.930639
2016-05-22 0:00,-2023.99725
2016-05-23 0:00,2338.777169
2016-05-24 0:00,-2071.231427
2016-05-25 0:00,1576.844826
2016-05-26 0:00,1637.147458
2016-05-27 0:00,-1942.589771
2016-05-28 0:00,-625.9756482
2016-05-29 0:00,-447.7701796
2016-05-30 0:00,1129.666418
2016-05-31 0:00,-603.5251698
2016-06-01 0:00,-1385.48887
2016-06-02 0:00,-2200.021832
2016-06-03 0:00,185.9771116
2016-06-04 0:00,1464.23591
2016-06-05 0:00,322.4746151
2016-06-06 0:00,-809.1523179
2016-06-07 0:00,-247.1885605
2016-06-08 0:00,1240.833472
2016-06-09 0:00,1719.310028
2016-06-10 0:00,-1053.667493
2016-06-11 0:00,1563.032543
2016-06-12 0:00,-3556.83691
2016-06-13 0:00,-3043.837907
2016-06-14 0:00,461.4987287
2016-06-15 0:00,726.6821979
2016-06-16 0:00,1253.807975
2016-06-17 0:00,-629.3623742
2016-06-18 0:00,1263.906418
2016-06-19 0:00,-199.8437842
2016-06-20 0:00,1262.843695
2016-06-21 0:00,-2077.050219
2016-06-22 0:00,-940.4511194
2016-06-23 0:00,5479.297922
2016-06-24 0:00,-1503.05411
2016-06-25 0:00,-1126.391428
2016-06-26 0:00,-1061.0833
2016-06-27 0:00,-1233.013283
2016-06-28 0:00,2401.156175
2016-06-29 0:00,1437.199583
2016-06-30 0:00,580.1595229
2016-07-01 0:00,-1865.977731
2016-07-02 0:00,-585.2042124
2016-07-03 0:00,-361.8846462
2016-07-04 0:00,-892.6593077
2016-07-05 0:00,-605.2060304
2016-07-06 0:00,2606.772621
2016-07-07 0:00,-288.7769167
2016-07-08 0:00,-2296.691489
2016-07-09 0:00,-2990.906586
2016-07-10 0:00,-233.9530139
2016-07-11 0:00,-780.7758103
2016-07-12 0:00,-2987.702003
2016-07-13 0:00,-62.48014046
2016-07-14 0:00,-534.8566476
2016-07-15 0:00,657.2395382
2016-07-16 0:00,-1305.638477
2016-07-17 0:00,1734.621699
2016-07-18 0:00,1191.970298
2016-07-19 0:00,-848.1089762
2016-07-20 0:00,-942.8067537
2016-07-21 0:00,977.502819
2016-07-22 0:00,2502.099735
2016-07-23 0:00,977.4307136
2016-07-24 0:00,-1189.675511
2016-07-25 0:00,679.2200445
2016-07-26 0:00,-1177.788971
2016-07-27 0:00,1304.549153
2016-07-28 0:00,1186.364181
2016-07-29 0:00,-1816.387066
2016-07-30 0:00,303.011721
2016-07-31 0:00,2000.592362
2016-08-01 0:00,-687.2015404
2016-08-02 0:00,-3696.425908
2016-08-03 0:00,1743.726006
2016-08-04 0:00,2696.437435
2016-08-05 0:00,-1298.523652
2016-08-06 0:00,122.5366425
2016-08-07 0:00,884.121528
2016-08-08 0:00,894.3805822
2016-08-09 0:00,1283.87135
2016-08-10 0:00,-2369.806017
2016-08-11 0:00,862.4018169
2016-08-12 0:00,1507.959324
2016-08-13 0:00,228.1329131
2016-08-14 0:00,1582.440844
2016-08-15 0:00,-3490.511423
2016-08-16 0:00,3168.227095
2016-08-17 0:00,-2273.880354
2016-08-18 0:00,-1499.704251
2016-08-19 0:00,-402.1543606
2016-08-20 0:00,2.424941228
2016-08-21 0:00,-109.0725713
2016-08-22 0:00,1476.491921
2016-08-23 0:00,2398.233624
2016-08-24 0:00,-2251.890587
2016-08-25 0:00,132.7548918
2016-08-26 0:00,668.6437598
2016-08-27 0:00,-443.0861236
2016-08-28 0:00,-1193.230878
2016-08-29 0:00,-4031.86088
2016-08-30 0:00,-2122.771433
2016-08-31 0:00,2737.580923
2016-09-01 0:00,1540.624824
2016-09-02 0:00,-2279.385316
2016-09-03 0:00,745.6138388
2016-09-04 0:00,1996.39442
2016-09-05 0:00,-1239.39423
2016-09-06 0:00,2178.113455
2016-09-07 0:00,7155.369437
2016-09-08 0:00,1784.893925
2016-09-09 0:00,-983.6320666
2016-09-10 0:00,-513.0039475
2016-09-11 0:00,-60.62604548
2016-09-12 0:00,-2562.370554
2016-09-13 0:00,3580.067273
2016-09-14 0:00,-1820.500078
2016-09-15 0:00,1345.281174
2016-09-16 0:00,-103.386173
2016-09-17 0:00,2369.340518
2016-09-18 0:00,-733.6760876
2016-09-19 0:00,1359.964045
2016-09-20 0:00,511.9266809
2016-09-21 0:00,3472.954165
2016-09-22 0:00,-300.1505158
2016-09-23 0:00,-944.9874478
2016-09-24 0:00,4695.564998
2016-09-25 0:00,-2135.611483
2016-09-26 0:00,4058.252928
2016-09-27 0:00,1023.643408
2016-09-28 0:00,-146.5841387
2016-09-29 0:00,184.9708933
2016-09-30 0:00,-2044.190769
2016-10-01 0:00,2461.160814
2016-10-02 0:00,-1277.127528
2016-10-03 0:00,-1378.166197
2016-10-04 0:00,225.4727683
2016-10-05 0:00,1003.692907
2016-10-06 0:00,1244.095959
2016-10-07 0:00,1598.798116
2016-10-08 0:00,2852.959845
2016-10-09 0:00,2498.233177
2016-10-10 0:00,473.537472
2016-10-11 0:00,1444.985833
2016-10-12 0:00,1020.816532
2016-10-13 0:00,3561.514735
2016-10-14 0:00,-3629.84376
2016-10-15 0:00,3555.495042
2016-10-16 0:00,623.344303
2016-10-17 0:00,1872.730796
2016-10-18 0:00,3822.141797
2016-10-19 0:00,-2490.828746
2016-10-20 0:00,1713.882024
2016-10-21 0:00,2733.890861
2016-10-22 0:00,-973.0669356
2016-10-23 0:00,1217.322516
2016-10-24 0:00,-3869.499016
2016-10-25 0:00,-1026.373937
2016-10-26 0:00,2430.395768
2016-10-27 0:00,212.285642
2016-10-28 0:00,7253.28526
2016-10-29 0:00,-2337.437447
2016-10-30 0:00,954.2779572
2016-10-31 0:00,1267.939327
2016-11-01 0:00,2783.499588
2016-11-02 0:00,911.1691937
2016-11-03 0:00,3754.622786
2016-11-04 0:00,3359.919426
2016-11-05 0:00,484.5749861
2016-11-06 0:00,837.5719465
2016-11-07 0:00,3053.038344
2016-11-08 0:00,-393.6443503
2016-11-09 0:00,-621.4661909
2016-11-10 0:00,3239.94405
2016-11-11 0:00,1191.930663
2016-11-12 0:00,2373.723195
2016-11-13 0:00,289.9444374
2016-11-14 0:00,-1423.061363
2016-11-15 0:00,1478.271935
2016-11-16 0:00,-1057.327488
2016-11-17 0:00,4734.602691
2016-11-18 0:00,933.7754344
2016-11-19 0:00,-4046.784258
2016-11-20 0:00,2853.592583
2016-11-21 0:00,1184.265116
2016-11-22 0:00,-1902.956285
2016-11-23 0:00,281.1595432
2016-11-24 0:00,2126.164598
2016-11-25 0:00,-247.9425962
2016-11-26 0:00,800.9174201
2016-11-27 0:00,-369.9360048
2016-11-28 0:00,3254.550795
2016-11-29 0:00,-278.8281848
2016-11-30 0:00,-1064.432566
2016-12-01 0:00,-199.4372524
2016-12-02 0:00,4099.01138
2016-12-03 0:00,-1460.714162
2016-12-04 0:00,2093.464081
2016-12-05 0:00,-3309.806663
2016-12-06 0:00,-2650.58622
2016-12-07 0:00,1896.036028
2016-12-08 0:00,2494.081028
2016-12-09 0:00,1948.212385
2016-12-10 0:00,-2068.975916
2016-12-11 0:00,105.0801145
2016-12-12 0:00,-1142.356066
2016-12-13 0:00,3459.944406
2016-12-14 0:00,-1522.786605
2016-12-15 0:00,-2479.329264
2016-12-16 0:00,-1688.640642
2016-12-17 0:00,-1698.862245
2016-12-18 0:00,2546.648238
2016-12-19 0:00,-697.9448179
2016-12-20 0:00,-1496.307977
2016-12-21 0:00,-1.628001666
2016-12-22 0:00,23.01758574
2016-12-23 0:00,2853.86213
2016-12-24 0:00,-719.1904806
2016-12-25 0:00,-2284.949875
2016-12-26 0:00,-251.1850053
2016-12-27 0:00,-358.6835677
2016-12-28 0:00,-1315.490127
2016-12-29 0:00,656.046746
2016-12-30 0:00,-3403.873772
2016-12-31 0:00,1224.032487
2017-01-01 0:00,-2828.6902
2017-01-02 0:00,1354.610419
2017-01-03 0:00,369.4780545
2017-01-04 0:00,739.1062797
2017-01-05 0:00,382.2077627
2017-01-06 0:00,-891.1005764
2017-01-07 0:00,1438.524969
2017-01-08 0:00,-748.214632
2017-01-09 0:00,176.9661387
2017-01-10 0:00,-120.0080255
2017-01-11 0:00,69.97452378
2017-01-12 0:00,471.0999074
2017-01-13 0:00,-754.2659753
2017-01-14 0:00,-2426.068664
2017-01-15 0:00,-1970.995662
2017-01-16 0:00,-872.0640042
2017-01-17 0:00,-1570.907999
2017-01-18 0:00,697.8256473
2017-01-19 0:00,-2396.087554
2017-01-20 0:00,177.2901611
2017-01-21 0:00,-1191.313573
2017-01-22 0:00,1135.332888
2017-01-23 0:00,1244.237447
2017-01-24 0:00,-612.7575369
2017-01-25 0:00,303.2186689
2017-01-26 0:00,1128.921632
2017-01-27 0:00,342.3556437
2017-01-28 0:00,-196.617852
2017-01-29 0:00,152.9744142
2017-01-30 0:00,1500.62245
2017-01-31 0:00,-158.0755406
2017-02-01 0:00,-1470.945192
2017-02-02 0:00,744.5789812
2017-02-03 0:00,-1015.741423
2017-02-04 0:00,3245.066754
2017-02-05 0:00,-1766.184095
2017-02-06 0:00,990.2156543
2017-02-07 0:00,-1067.042957
2017-02-08 0:00,1210.214037
2017-02-09 0:00,169.8183106
2017-02-10 0:00,1830.761162
2017-02-11 0:00,-672.6549436
2017-02-12 0:00,-3112.18722
2017-02-13 0:00,-514.0288548
2017-02-14 0:00,-1019.322593
2017-02-15 0:00,3007.95556
2017-02-16 0:00,-235.9784209
2017-02-17 0:00,1253.837338
2017-02-18 0:00,29.61329879
2017-02-19 0:00,-582.5550804
2017-02-20 0:00,-2012.501251
2017-02-21 0:00,-1038.221869
2017-02-22 0:00,-213.7666834
2017-02-23 0:00,-1572.088276
2017-02-24 0:00,-254.5392152
2017-02-25 0:00,2275.374909
2017-02-26 0:00,636.5844827
2017-02-27 0:00,467.6373619
2017-02-28 0:00,345.0042769
2017-03-01 0:00,1154.209142
2017-03-02 0:00,-2222.941407
2017-03-03 0:00,2199.405903
2017-03-04 0:00,-1173.707562
2017-03-05 0:00,-2218.675503
2017-03-06 0:00,2569.568455
2017-03-07 0:00,908.5113084
2017-03-08 0:00,-569.3611232
2017-03-09 0:00,580.279045
2017-03-10 0:00,-438.2509184
2017-03-11 0:00,-1309.428576
2017-03-12 0:00,-1526.15401
2017-03-13 0:00,-430.8333965
2017-03-14 0:00,-1087.821063
2017-03-15 0:00,-2516.625841
2017-03-16 0:00,187.7826119
2017-03-17 0:00,-1774.808383
2017-03-18 0:00,-912.919091
2017-03-19 0:00,-1875.940092
2017-03-20 0:00,-197.762521
2017-03-21 0:00,974.9198628
2017-03-22 0:00,934.0072931
2017-03-23 0:00,-924.3690797
2017-03-24 0:00,-1431.670852
2017-03-25 0:00,-1492.081061
2017-03-26 0:00,96.03423473
2017-03-27 0:00,-2054.807986
2017-03-28 0:00,577.1219302
2017-03-29 0:00,4361.977386
2017-03-30 0:00,193.5939756
2017-03-31 0:00,1416.469725
2017-04-01 0:00,-1923.918832
2017-04-02 0:00,-267.6768601
2017-04-03 0:00,-517.4597203
2017-04-04 0:00,-1384.225719
2017-04-05 0:00,-1362.217517
2017-04-06 0:00,-1782.00122
2017-04-07 0:00,-1145.794513
2017-04-08 0:00,1304.162694
2017-04-09 0:00,-1607.422858
2017-04-10 0:00,-767.0715537
2017-04-11 0:00,35.38347386
2017-04-12 0:00,-1505.732777
2017-04-13 0:00,233.601486
2017-04-14 0:00,2558.890582
2017-04-15 0:00,1389.749429
2017-04-16 0:00,2588.577338
2017-04-17 0:00,-1856.039194
2017-04-18 0:00,1005.419333
2017-04-19 0:00,-2042.378645
2017-04-20 0:00,-769.8847171
2017-04-21 0:00,-1240.200687
2017-04-22 0:00,417.6225451
2017-04-23 0:00,1242.588853
2017-04-24 0:00,-382.2020444
2017-04-25 0:00,1386.490059
2017-04-26 0:00,-3529.028335
2017-04-27 0:00,527.222421
2017-04-28 0:00,-1301.670024
2017-04-29 0:00,2355.086392
2017-04-30 0:00,-1200.307175
2017-05-01 0:00,-3023.532264
2017-05-02 0:00,-728.4319057
2017-05-03 0:00,-1749.497411
2017-05-04 0:00,599.0661996
2017-05-05 0:00,483.4096585
2017-05-06 0:00,-51.40745819
2017-05-07 0:00,2038.796074
2017-05-08 0:00,-1808.94111
2017-05-09 0:00,1410.18202
2017-05-10 0:00,4948.395981
2017-05-11 0:00,3377.311422
2017-05-12 0:00,-1189.565037
2017-05-13 0:00,2672.819253
2017-05-14 0:00,-881.0767065
2017-05-15 0:00,-721.0570008
2017-05-16 0:00,801.4009433
2017-05-17 0:00,-2605.129171
2017-05-18 0:00,-1534.056198
2017-05-19 0:00,-1411.843524
2017-05-20 0:00,751.2052859
2017-05-21 0:00,1324.226765
2017-05-22 0:00,-3138.916958
2017-05-23 0:00,-1113.255576
2017-05-24 0:00,-1140.549812
2017-05-25 0:00,1584.120405
2017-05-26 0:00,-240.2467998
2017-05-27 0:00,-428.4902029
2017-05-28 0:00,171.5879551
2017-05-29 0:00,-1029.665921
2017-05-30 0:00,-3224.045411
2017-05-31 0:00,-308.0795014
2017-06-01 0:00,-1412.790867
2017-06-02 0:00,282.3456872
2017-06-03 0:00,-2154.003485
2017-06-04 0:00,-1334.847131
2017-06-05 0:00,856.2092383
2017-06-06 0:00,-1447.207339
2017-06-07 0:00,-2011.58076
2017-06-08 0:00,-74.64680193
2017-06-09 0:00,6797.776796
2017-06-10 0:00,296.321463
2017-06-11 0:00,1981.439865
2017-06-12 0:00,-481.4372007
2017-06-13 0:00,1626.383342
2017-06-14 0:00,-1992.425434
2017-06-15 0:00,258.3499845
2017-06-16 0:00,831.5270875
2017-06-17 0:00,-1592.704758
2017-06-18 0:00,1338.842628
2017-06-19 0:00,-333.1328618
2017-06-20 0:00,1582.909303
2017-06-21 0:00,416.9233386
2017-06-22 0:00,-1731.784736
2017-06-23 0:00,-134.0854373
2017-06-24 0:00,-2509.093247
2017-06-25 0:00,687.415045
2017-06-26 0:00,5824.394524
2017-06-27 0:00,439.466928
2017-06-28 0:00,-2911.291119
2017-06-29 0:00,-2099.272937
2017-06-30 0:00,-764.9413207
2017-07-01 0:00,-2000.700305
2017-07-02 0:00,2775.589137
2017-07-03 0:00,-826.3895355
2017-07-04 0:00,829.3152453
2017-07-05 0:00,-1212.41608
2017-07-06 0:00,2190.032059
2017-07-07 0:00,-272.730465
2017-07-08 0:00,-4169.000242
2017-07-09 0:00,-18.20418583
2017-07-10 0:00,206.2416127
2017-07-11 0:00,-1162.166448
2017-07-12 0:00,2142.692436
2017-07-13 0:00,969.9383505
2017-07-14 0:00,565.0507072
2017-07-15 0:00,-1333.212722
2017-07-16 0:00,-1950.025922
2017-07-17 0:00,-1899.480625
2017-07-18 0:00,1409.501119
2017-07-19 0:00,-3173.792714
2017-07-20 0:00,833.3019598
2017-07-21 0:00,-3394.537083
2017-07-22 0:00,-2590.202787
2017-07-23 0:00,-652.8540571
2017-07-24 0:00,-1087.810686
2017-07-25 0:00,-3827.534167
2017-07-26 0:00,1808.585544
2017-07-27 0:00,121.4394069
2017-07-28 0:00,-1919.513886
2017-07-29 0:00,3123.979064
2017-07-30 0:00,-3203.222233
2017-07-31 0:00,-2778.903189
2017-08-01 0:00,-121.0368546
2017-08-02 0:00,-168.7580329
2017-08-03 0:00,49.62758083
2017-08-04 0:00,-323.1822639
2017-08-05 0:00,202.7936025
2017-08-06 0:00,2239.296779
2017-08-07 0:00,-2481.306822
2017-08-08 0:00,-1898.50705
2017-08-09 0:00,1911.040965
2017-08-10 0:00,-2836.622096
2017-08-11 0:00,56.6747158
2017-08-12 0:00,-872.2956431
2017-08-13 0:00,-555.4951401
2017-08-14 0:00,-682.4389747
2017-08-15 0:00,-1733.686491
2017-08-16 0:00,2286.428972
2017-08-17 0:00,-240.4629928
2017-08-18 0:00,-947.6836499
2017-08-19 0:00,-2293.456689
2017-08-20 0:00,294.6343622
2017-08-21 0:00,-545.5677106
2017-08-22 0:00,-936.4289649
2017-08-23 0:00,-959.0099272
2017-08-24 0:00,3188.945686
2017-08-25 0:00,-1042.948114
2017-08-26 0:00,87.38070369
2017-08-27 0:00,873.5412242
2017-08-28 0:00,-1288.546486
2017-08-29 0:00,4505.524212
2017-08-30 0:00,-47.57949799
2017-08-31 0:00,-71.1032613
2017-09-01 0:00,1662.338034
2017-09-02 0:00,-811.9840241
2017-09-03 0:00,-538.5048159
2017-09-04 0:00,-784.7139793
2017-09-05 0:00,-77.21406571
2017-09-06 0:00,-1141.147929
2017-09-07 0:00,-240.9124385
2017-09-08 0:00,-1405.789445
2017-09-09 0:00,1582.780624
2017-09-10 0:00,-766.5922356
2017-09-11 0:00,232.2069045
2017-09-12 0:00,-116.6428769
2017-09-13 0:00,196.4652395
2017-09-14 0:00,1936.677687
2017-09-15 0:00,-3584.514157
2017-09-16 0:00,620.3734386
2017-09-17 0:00,-4460.920855
2017-09-18 0:00,-870.3727585
2017-09-19 0:00,-2271.059351
2017-09-20 0:00,-239.6073254
2017-09-21 0:00,1549.2559
2017-09-22 0:00,-2303.262303
2017-09-23 0:00,2967.129323
2017-09-24 0:00,-2322.3692
2017-09-25 0:00,2001.830148
2017-09-26 0:00,-809.7867235
2017-09-27 0:00,936.2551749
2017-09-28 0:00,-409.8538465
2017-09-29 0:00,-702.7789825
2017-09-30 0:00,280.0183435
2017-10-01 0:00,-3741.221759
2017-10-02 0:00,394.443943
2017-10-03 0:00,3782.352742
2017-10-04 0:00,-1562.320335
2017-10-05 0:00,-2991.06765
2017-10-06 0:00,2144.952972
2017-10-07 0:00,1702.776085
2017-10-08 0:00,849.5300345
2017-10-09 0:00,-1539.065033
2017-10-10 0:00,-677.4996031
2017-10-11 0:00,743.9266253
2017-10-12 0:00,-624.7949504
2017-10-13 0:00,-1476.136366
2017-10-14 0:00,1443.638708
2017-10-15 0:00,1634.339951
2017-10-16 0:00,-1274.747502
2017-10-17 0:00,1193.325584
2017-10-18 0:00,822.9133757
2017-10-19 0:00,2009.654284
2017-10-20 0:00,-901.7549366
2017-10-21 0:00,8311.769841
2017-10-22 0:00,-3423.259069
2017-10-23 0:00,2234.948311
2017-10-24 0:00,5927.833513
2017-10-25 0:00,-1464.575175
2017-10-26 0:00,-2172.750914
2017-10-27 0:00,-3402.871777
2017-10-28 0:00,1773.408111
2017-10-29 0:00,-1030.496931
2017-10-30 0:00,864.6139386
2017-10-31 0:00,-2744.67016
2017-11-01 0:00,1925.304103
2017-11-02 0:00,2195.361378
2017-11-03 0:00,1723.526135
2017-11-04 0:00,1594.188152
2017-11-05 0:00,-516.5404576
2017-11-06 0:00,937.3519024
2017-11-07 0:00,-1322.724209
2017-11-08 0:00,1431.527018
2017-11-09 0:00,2564.602963
2017-11-10 0:00,514.0861701
2017-11-11 0:00,297.1917864
2017-11-12 0:00,-2305.225359
2017-11-13 0:00,-1884.887345
2017-11-14 0:00,4166.220943
2017-11-15 0:00,3623.181272
2017-11-16 0:00,400.8332743
2017-11-17 0:00,-516.9683044
2017-11-18 0:00,-3208.538948
2017-11-19 0:00,-2922.930299
2017-11-20 0:00,801.0717966
2017-11-21 0:00,-110.1938714
2017-11-22 0:00,3150.817294
2017-11-23 0:00,819.1398217
2017-11-24 0:00,-1942.265466
2017-11-25 0:00,542.3918206
2017-11-26 0:00,1719.989019
2017-11-27 0:00,4245.047355
2017-11-28 0:00,-3739.876332
2017-11-29 0:00,-1356.925935
2017-11-30 0:00,714.8436446
2017-12-01 0:00,756.6009708
2017-12-02 0:00,1895.787446
2017-12-03 0:00,-1073.740828
2017-12-04 0:00,-1733.17861
2017-12-05 0:00,1659.914758
2017-12-06 0:00,-937.5143408
2017-12-07 0:00,-676.6567174
2017-12-08 0:00,-116.8004362
2017-12-09 0:00,-228.6556671
2017-12-10 0:00,-696.8573923
2017-12-11 0:00,-3155.372433
2017-12-12 0:00,679.7573498
2017-12-13 0:00,-3732.674325
2017-12-14 0:00,-1390.133298
2017-12-15 0:00,-1605.460754
2017-12-16 0:00,1074.455097
2017-12-17 0:00,-1957.8323
2017-12-18 0:00,257.5615141
2017-12-19 0:00,158.7973307
2017-12-20 0:00,1780.813821
2017-12-21 0:00,908.6481869
2017-12-22 0:00,-1146.532294
2017-12-23 0:00,-2507.513272
2017-12-24 0:00,-781.8173841
2017-12-25 0:00,1210.543717
2017-12-26 0:00,-3545.156337
2017-12-27 0:00,69.66352758
2017-12-28 0:00,-2299.840723
2017-12-29 0:00,-2601.843688
2017-12-30 0:00,1960.15333
2017-12-31 0:00,1610.629625
2018-01-01 0:00,-1366.175384
2018-01-02 0:00,-182.4945931
2018-01-03 0:00,-685.205764
2018-01-04 0:00,2782.945887
2018-01-05 0:00,-222.8913914
2018-01-06 0:00,-1221.609217
2018-01-07 0:00,1382.74295
2018-01-08 0:00,1066.939983
2018-01-09 0:00,-2097.437419
2018-01-10 0:00,2497.355768
2018-01-11 0:00,-1278.393715
2018-01-12 0:00,-636.1428557
2018-01-13 0:00,1845.927484
2018-01-14 0:00,183.1533657
2018-01-15 0:00,323.3533093
2018-01-16 0:00,-1489.452489
2018-01-17 0:00,1563.956168
2018-01-18 0:00,2366.762331
2018-01-19 0:00,918.0971825
2018-01-20 0:00,2135.307145
2018-01-21 0:00,-2376.09785
2018-01-22 0:00,-13.72060889
2018-01-23 0:00,-1170.391819
2018-01-24 0:00,-218.7524241
2018-01-25 0:00,943.3183156
2018-01-26 0:00,-638.0004515
2018-01-27 0:00,-1695.218646
2018-01-28 0:00,1220.165349
2018-01-29 0:00,1298.457335
2018-01-30 0:00,-826.9130489
2018-01-31 0:00,-1661.876733
2018-02-01 0:00,-663.5160015
2018-02-02 0:00,-1408.308024
2018-02-03 0:00,-933.140558
2018-02-04 0:00,-2046.993161
2018-02-05 0:00,-242.0150922
2018-02-06 0:00,2550.705878
2018-02-07 0:00,-1342.229544
2018-02-08 0:00,-187.2003702
2018-02-09 0:00,-2343.839648
2018-02-10 0:00,-1263.874775
2018-02-11 0:00,2318.369326
2018-02-12 0:00,346.6632322
2018-02-13 0:00,-1101.178024
2018-02-14 0:00,1012.759668
2018-02-15 0:00,1011.818857
2018-02-16 0:00,-1399.462302
2018-02-17 0:00,615.0972607
2018-02-18 0:00,-1649.954041
2018-02-19 0:00,697.7373339
2018-02-20 0:00,1601.57212
2018-02-21 0:00,-1651.607815
2018-02-22 0:00,-42.11283085
2018-02-23 0:00,2553.901953
2018-02-24 0:00,-698.1291616
2018-02-25 0:00,538.0156273
2018-02-26 0:00,671.0848101
2018-02-27 0:00,1404.207202
2018-02-28 0:00,1591.944297
2018-03-01 0:00,-107.9769648
2018-03-02 0:00,-520.7407067
2018-03-03 0:00,-696.6596225
2018-03-04 0:00,3672.643083
2018-03-05 0:00,272.5498634
2018-03-06 0:00,-1303.020938
2018-03-07 0:00,356.6272294
2018-03-08 0:00,-2196.749282
2018-03-09 0:00,-408.4080245
2018-03-10 0:00,1269.759039
2018-03-11 0:00,103.0987783
2018-03-12 0:00,-1613.222735
2018-03-13 0:00,1019.061887
2018-03-14 0:00,-369.8059907
2018-03-15 0:00,-895.2058152
2018-03-16 0:00,-2925.086388
2018-03-17 0:00,2905.9278
2018-03-18 0:00,1480.742643
2018-03-19 0:00,-2024.574078
2018-03-20 0:00,-755.8042569
2018-03-21 0:00,161.1629552
2018-03-22 0:00,-1756.264076
2018-03-23 0:00,-1427.077859
2018-03-24 0:00,-560.4755043
2018-03-25 0:00,1078.086409
2018-03-26 0:00,-349.3649118
2018-03-27 0:00,-1802.514128
2018-03-28 0:00,-2119.79906
2018-03-29 0:00,480.9706831
2018-03-30 0:00,-197.5192295
2018-03-31 0:00,-3034.335259
2018-04-01 0:00,1037.122081
2018-04-02 0:00,-2234.71886
2018-04-03 0:00,3831.340545
2018-04-04 0:00,1134.959834
2018-04-05 0:00,-1366.695972
2018-04-06 0:00,-444.5475343
2018-04-07 0:00,719.9204634
2018-04-08 0:00,3883.596094
2018-04-09 0:00,-1468.305951
2018-04-10 0:00,3940.8816
2018-04-11 0:00,-1671.020736
2018-04-12 0:00,379.1001389
2018-04-13 0:00,-2908.742926
2018-04-14 0:00,-2008.13905
2018-04-15 0:00,-1315.911893
2018-04-16 0:00,-2043.791766
2018-04-17 0:00,770.192854
2018-04-18 0:00,-354.6948499
2018-04-19 0:00,-1125.825958
2018-04-20 0:00,880.6982139
2018-04-21 0:00,424.8561393
2018-04-22 0:00,-1856.70348
2018-04-23 0:00,-1851.719819
2018-04-24 0:00,1973.358803
2018-04-25 0:00,3338.123415
2018-04-26 0:00,-1023.524811
2018-04-27 0:00,-765.2664608
2018-04-28 0:00,612.0707235
2018-04-29 0:00,-1215.663208
2018-04-30 0:00,-779.4588083
2018-05-01 0:00,1641.992297
2018-05-02 0:00,913.8545767
2018-05-03 0:00,2442.18882
2018-05-04 0:00,2013.757032
2018-05-05 0:00,-3547.844719
2018-05-06 0:00,877.806445
2018-05-07 0:00,-1274.630989
2018-05-08 0:00,-1887.098504
2018-05-09 0:00,5011.158965
2018-05-10 0:00,-2143.814032
2018-05-11 0:00,-260.3197571
2018-05-12 0:00,-1079.801408
2018-05-13 0:00,-2843.659681
2018-05-14 0:00,-2537.00071
2018-05-15 0:00,-1062.098035
2018-05-16 0:00,427.6296643
2018-05-17 0:00,3371.306496
2018-05-18 0:00,-3691.121033
2018-05-19 0:00,681.7934962
2018-05-20 0:00,-554.9415512
2018-05-21 0:00,-1859.347491
2018-05-22 0:00,-1606.652169
2018-05-23 0:00,1039.212986
2018-05-24 0:00,2221.460135
2018-05-25 0:00,-1638.602981
2018-05-26 0:00,1970.322231
2018-05-27 0:00,3906.56308
2018-05-28 0:00,1973.259992
2018-05-29 0:00,1996.660761
2018-05-30 0:00,1855.081083
2018-05-31 0:00,959.7738169
2018-06-01 0:00,347.3643771
2018-06-02 0:00,838.4203069
2018-06-03 0:00,70.27510519
2018-06-04 0:00,-1043.968223
2018-06-05 0:00,3933.5607
2018-06-06 0:00,-21.14536191
2018-06-07 0:00,806.1539483
2018-06-08 0:00,-41.19543137
2018-06-09 0:00,-2868.085765
2018-06-10 0:00,-424.462466
2018-06-11 0:00,1713.353396
2018-06-12 0:00,2125.102915
2018-06-13 0:00,-1015.054209
2018-06-14 0:00,-2343.619648
2018-06-15 0:00,8261.529124
2018-06-16 0:00,-2133.43227
2018-06-17 0:00,1106.034582
2018-06-18 0:00,-2205.275127
2018-06-19 0:00,-3149.456255
2018-06-20 0:00,1075.829543
2018-06-21 0:00,215.1726605
2018-06-22 0:00,2791.290548
2018-06-23 0:00,667.0810373
2018-06-24 0:00,1084.964181
2018-06-25 0:00,3033.962541
2018-06-26 0:00,-1058.094084
2018-06-27 0:00,-504.4604334
2018-06-28 0:00,-3355.948301
2018-06-29 0:00,-1598.734735
2018-06-30 0:00,-177.2090023
2018-07-01 0:00,1178.339183
2018-07-02 0:00,-1115.314704
2018-07-03 0:00,167.0652165
2018-07-04 0:00,1429.921509
2018-07-05 0:00,898.0453609
2018-07-06 0:00,188.4180164
2018-07-07 0:00,750.485229
2018-07-08 0:00,-501.4171034
2018-07-09 0:00,398.6227374
2018-07-10 0:00,1689.25565
2018-07-11 0:00,303.5909562
2018-07-12 0:00,-3988.310559
2018-07-13 0:00,1781.210127
2018-07-14 0:00,872.9988381
2018-07-15 0:00,-633.6035334
2018-07-16 0:00,2212.729965
2018-07-17 0:00,-2545.433077
2018-07-18 0:00,-2074.743762
2018-07-19 0:00,1169.958284
2018-07-20 0:00,-774.5507597
2018-07-21 0:00,129.9000206
2018-07-22 0:00,-2313.061245
2018-07-23 0:00,-4079.911507
2018-07-24 0:00,1631.039683
2018-07-25 0:00,1781.879275
2018-07-26 0:00,-274.7449286
2018-07-27 0:00,723.1029888
2018-07-28 0:00,-670.977934
2018-07-29 0:00,-2214.766184
2018-07-30 0:00,-3138.851565
2018-07-31 0:00,345.3571651
2018-08-01 0:00,1008.755347
2018-08-02 0:00,-607.1813677
2018-08-03 0:00,-646.5296309
2018-08-04 0:00,1449.596825
2018-08-05 0:00,-999.5849716
2018-08-06 0:00,-176.5557861
2018-08-07 0:00,-1310.223305
2018-08-08 0:00,808.6858443
2018-08-09 0:00,-1515.440091
2018-08-10 0:00,1088.720153
2018-08-11 0:00,-360.0616083
2018-08-12 0:00,1330.150413
2018-08-13 0:00,315.8204643
2018-08-14 0:00,1806.518603
2018-08-15 0:00,3513.33301
2018-08-16 0:00,-740.9757497
2018-08-17 0:00,-820.9318551
2018-08-18 0:00,-2153.764794
2018-08-19 0:00,-191.7265439
2018-08-20 0:00,-314.8107283
2018-08-21 0:00,-672.8100768
2018-08-22 0:00,-380.5533761
2018-08-23 0:00,-1677.413165
2018-08-24 0:00,2579.3597
2018-08-25 0:00,2031.01555
2018-08-26 0:00,-1683.256372
2018-08-27 0:00,2754.787496
2018-08-28 0:00,-999.3927439
2018-08-29 0:00,844.1986867
2018-08-30 0:00,1092.558873
2018-08-31 0:00,-1473.331115
2018-09-01 0:00,-1085.669209
2018-09-02 0:00,3571.949046
2018-09-03 0:00,3850.72318
2018-09-04 0:00,-2157.8269
2018-09-05 0:00,296.0641772
2018-09-06 0:00,601.6659598
2018-09-07 0:00,375.8135968
2018-09-08 0:00,526.0349612
2018-09-09 0:00,-1592.937096
2018-09-10 0:00,1519.869339
2018-09-11 0:00,-2002.006883
2018-09-12 0:00,-629.6322595
2018-09-13 0:00,4696.746907
2018-09-14 0:00,-2782.189664
2018-09-15 0:00,974.1619169
2018-09-16 0:00,-264.8317585
2018-09-17 0:00,-2114.812066
2018-09-18 0:00,2062.509585
2018-09-19 0:00,287.0026198
2018-09-20 0:00,1741.756346
2018-09-21 0:00,-305.3709803
2018-09-22 0:00,683.6557289
2018-09-23 0:00,-3946.618876
2018-09-24 0:00,2398.938815
2018-09-25 0:00,2373.201142
2018-09-26 0:00,-1033.185915
2018-09-27 0:00,2139.499833
2018-09-28 0:00,-2072.300054
2018-09-29 0:00,-1822.919767
2018-09-30 0:00,67.59929976
2018-10-01 0:00,3836.013183
2018-10-02 0:00,-388.6936589
2018-10-03 0:00,273.7422424
2018-10-04 0:00,-1920.232882
2018-10-05 0:00,-1656.192511
2018-10-06 0:00,-3818.832164
2018-10-07 0:00,-1270.966773
2018-10-08 0:00,905.7651638
2018-10-09 0:00,-3359.423191
2018-10-10 0:00,256.6553223
2018-10-11 0:00,1350.72442
2018-10-12 0:00,610.5181265
2018-10-13 0:00,-3099.811706
2018-10-14 0:00,506.8705382
2018-10-15 0:00,-478.1841464
2018-10-16 0:00,944.7563462
2018-10-17 0:00,-2882.944088
2018-10-18 0:00,2724.285724
2018-10-19 0:00,-3744.697106
2018-10-20 0:00,-439.453903
2018-10-21 0:00,-1879.46795
2018-10-22 0:00,-43.35226187
2018-10-23 0:00,5059.267871
2018-10-24 0:00,2730.025048
2018-10-25 0:00,77.16397337
2018-10-26 0:00,-1778.636384
2018-10-27 0:00,-658.1196099
2018-10-28 0:00,6.926313154
2018-10-29 0:00,-881.5268812
2018-10-30 0:00,1063.172468
2018-10-31 0:00,6780.816517
2018-11-01 0:00,3491.14479
2018-11-02 0:00,-464.4420659
2018-11-03 0:00,-4727.195556
2018-11-04 0:00,-833.3786148
2018-11-05 0:00,-1920.0598
2018-11-06 0:00,-3880.829387
2018-11-07 0:00,-2157.940115
2018-11-08 0:00,4831.697765
2018-11-09 0:00,1576.319423
2018-11-10 0:00,-4376.422174
2018-11-11 0:00,1569.77957
2018-11-12 0:00,-2422.012365
2018-11-13 0:00,-667.5165524
2018-11-14 0:00,-1575.398154
2018-11-15 0:00,-3963.534539
2018-11-16 0:00,-1292.237031
2018-11-17 0:00,409.0733561
2018-11-18 0:00,-699.2323069
2018-11-19 0:00,1662.688844
2018-11-20 0:00,2087.060235
2018-11-21 0:00,-2192.111623
2018-11-22 0:00,1258.477446
2018-11-23 0:00,-2387.803804
2018-11-24 0:00,2091.451098
2018-11-25 0:00,-3232.995432
2018-11-26 0:00,4137.055352
2018-11-27 0:00,-1385.694126
2018-11-28 0:00,-2330.47442
2018-11-29 0:00,886.772422
2018-11-30 0:00,2414.722414
2018-12-01 0:00,4445.239888
2018-12-02 0:00,-3218.179735
2018-12-03 0:00,-506.4905537
2018-12-04 0:00,483.9971312
2018-12-05 0:00,1040.008293
2018-12-06 0:00,-1332.154888
2018-12-07 0:00,1778.283904
2018-12-08 0:00,-245.5993211
2018-12-09 0:00,-2453.600853
2018-12-10 0:00,90.40420512
2018-12-11 0:00,2572.118611
2018-12-12 0:00,-107.3806055
2018-12-13 0:00,1196.914049
2018-12-14 0:00,-1570.772999
2018-12-15 0:00,105.9732717
2018-12-16 0:00,232.1267084
2018-12-17 0:00,-14.65598861
2018-12-18 0:00,-2216.352298
2018-12-19 0:00,-1124.660802
2018-12-20 0:00,3032.638734
2018-12-21 0:00,-216.1418617
2018-12-22 0:00,-1882.871192
2018-12-23 0:00,-1740.834138
2018-12-24 0:00,1409.902796
2018-12-25 0:00,-1192.424509
2018-12-26 0:00,-665.731015
2018-12-27 0:00,822.3388013
2018-12-28 0:00,12.21583275
2018-12-29 0:00,1085.030703
2018-12-30 0:00,1623.48658
2018-12-31 0:00,724.0503084
2019-01-01 0:00,-321.3095404
2019-01-02 0:00,-3276.25829
2019-01-03 0:00,-1475.462731
2019-01-04 0:00,-1126.293448
2019-01-05 0:00,2304.383903
2019-01-06 0:00,-611.4229277
2019-01-07 0:00,-2172.27672
2019-01-08 0:00,-1189.818927
2019-01-09 0:00,146.6900253
2019-01-10 0:00,-1456.961639
2019-01-11 0:00,-745.5762325
2019-01-12 0:00,-509.6362251
2019-01-13 0:00,-1322.862821
2019-01-14 0:00,766.9054445
2019-01-15 0:00,741.6390265
2019-01-16 0:00,-1608.1083
2019-01-17 0:00,234.1599855
2019-01-18 0:00,-2683.871028
2019-01-19 0:00,447.0096832
2019-01-20 0:00,-2404.329389
2019-01-21 0:00,-3137.303847
2019-01-22 0:00,-2585.762474
2019-01-23 0:00,-1748.175886
2019-01-24 0:00,-3462.855755
2019-01-25 0:00,-2756.986026
2019-01-26 0:00,-1691.146554
2019-01-27 0:00,-1395.710147
2019-01-28 0:00,2603.706302
2019-01-29 0:00,-2281.463264
2019-01-30 0:00,-1692.484948
2019-01-31 0:00,-36.54519635
2019-02-01 0:00,4331.857995
2019-02-02 0:00,-898.9505062
2019-02-03 0:00,1395.994224
2019-02-04 0:00,163.5443486
2019-02-05 0:00,464.8851337
2019-02-06 0:00,1692.163946
2019-02-07 0:00,20.49654037
2019-02-08 0:00,-1184.280036
2019-02-09 0:00,384.4040048
2019-02-10 0:00,-797.4057661
2019-02-11 0:00,-1541.192667
2019-02-12 0:00,241.1234708
2019-02-13 0:00,1129.770887
2019-02-14 0:00,-1558.873083
2019-02-15 0:00,-2828.152374
2019-02-16 0:00,-1237.881792
2019-02-17 0:00,-1943.229504
2019-02-18 0:00,3280.203465
2019-02-19 0:00,684.3463239
2019-02-20 0:00,-715.1660842
2019-02-21 0:00,-545.2070996
2019-02-22 0:00,-886.491417
2019-02-23 0:00,1160.190526
2019-02-24 0:00,-696.3170197
2019-02-25 0:00,-1813.790239
2019-02-26 0:00,-642.7902716
2019-02-27 0:00,-507.3211054
2019-02-28 0:00,-651.6246196
2019-03-01 0:00,-1758.16265
2019-03-02 0:00,523.7519495
2019-03-03 0:00,-1115.669523
2019-03-04 0:00,-960.7776286
2019-03-05 0:00,-1268.688373
2019-03-06 0:00,-2602.532546
2019-03-07 0:00,1401.926594
2019-03-08 0:00,-1726.728181
2019-03-09 0:00,443.1878665
2019-03-10 0:00,667.1708552
2019-03-11 0:00,2790.341616
2019-03-12 0:00,-1064.683663
2019-03-13 0:00,2500.106234
2019-03-14 0:00,-1840.024916
2019-03-15 0:00,1342.339772
2019-03-16 0:00,1488.541941
2019-03-17 0:00,-586.5763075
2019-03-18 0:00,-106.1302619
2019-03-19 0:00,549.900831
2019-03-20 0:00,-57.62958823
2019-03-21 0:00,22.74313037
2019-03-22 0:00,-1203.429782
2019-03-23 0:00,-2278.816742
2019-03-24 0:00,-277.2671984
2019-03-25 0:00,1242.735368
2019-03-26 0:00,-2237.818591
2019-03-27 0:00,-644.016428
2019-03-28 0:00,-260.5790473
2019-03-29 0:00,-2687.271627
2019-03-30 0:00,1132.54714
2019-03-31 0:00,-1993.793186
2019-04-01 0:00,3609.005362
2019-04-02 0:00,-54.21897292
2019-04-03 0:00,-391.9129062
2019-04-04 0:00,-2868.856898
2019-04-05 0:00,-3061.217669
2019-04-06 0:00,824.9122305
2019-04-07 0:00,2905.207002
2019-04-08 0:00,-1736.072871
2019-04-09 0:00,-1344.419278
2019-04-10 0:00,-23.76489974
2019-04-11 0:00,-1117.207536
2019-04-12 0:00,-88.63036092
2019-04-13 0:00,913.4600546
2019-04-14 0:00,-200.9206013
2019-04-15 0:00,-454.9399411
2019-04-16 0:00,2266.568749
2019-04-17 0:00,-6.516156002
2019-04-18 0:00,-1444.385239
2019-04-19 0:00,933.4344522
2019-04-20 0:00,2574.88923
2019-04-21 0:00,3659.892404
2019-04-22 0:00,-318.2711605
2019-04-23 0:00,-880.2623108
2019-04-24 0:00,-2126.236592
2019-04-25 0:00,1113.983579
2019-04-26 0:00,1127.543554
2019-04-27 0:00,-700.0756708
2019-04-28 0:00,2258.264876
2019-04-29 0:00,-1140.374314
2019-04-30 0:00,-493.1375192
2019-05-01 0:00,-298.4898784
2019-05-02 0:00,-180.9169932
2019-05-03 0:00,-357.5119258
2019-05-04 0:00,-705.9961472
2019-05-05 0:00,553.3325041
2019-05-06 0:00,-2075.245348
2019-05-07 0:00,4078.543963
2019-05-08 0:00,-1164.818472
2019-05-09 0:00,-2235.002786
2019-05-10 0:00,185.2420277
2019-05-11 0:00,-452.2842387
2019-05-12 0:00,1025.204588
2019-05-13 0:00,2174.435038
2019-05-14 0:00,-59.91153083
2019-05-15 0:00,4292.828803
2019-05-16 0:00,1753.792773
2019-05-17 0:00,3232.007685
2019-05-18 0:00,4122.389623
2019-05-19 0:00,-1228.336684
2019-05-20 0:00,430.9676887
2019-05-21 0:00,-164.1451674
2019-05-22 0:00,-163.6410331
2019-05-23 0:00,1541.926298
2019-05-24 0:00,1810.430655
2019-05-25 0:00,2020.717311
2019-05-26 0:00,-3124.058368
2019-05-27 0:00,-3438.145608
2019-05-28 0:00,-936.5052348
2019-05-29 0:00,98.94655697
2019-05-30 0:00,2600.079323
2019-05-31 0:00,-2466.951282
2019-06-01 0:00,4037.051132
2019-06-02 0:00,1009.182913
2019-06-03 0:00,-3845.535855
2019-06-04 0:00,-1959.762293
2019-06-05 0:00,1486.441197
2019-06-06 0:00,1007.254004
2019-06-07 0:00,3496.807745
2019-06-08 0:00,-1785.380153
2019-06-09 0:00,833.1095949
2019-06-10 0:00,1483.116679
2019-06-11 0:00,-1774.651224
2019-06-12 0:00,-857.3396308
2019-06-13 0:00,1713.119155
2019-06-14 0:00,4734.266068
2019-06-15 0:00,-1524.608426
2019-06-16 0:00,448.769912
2019-06-17 0:00,491.8310086
2019-06-18 0:00,1343.444575
2019-06-19 0:00,26.10644802
2019-06-20 0:00,198.935468
2019-06-21 0:00,-3781.275972
2019-06-22 0:00,3003.113792
2019-06-23 0:00,-2520.829246
2019-06-24 0:00,1201.38889
2019-06-25 0:00,1487.157201
2019-06-26 0:00,-211.4091375
2019-06-27 0:00,878.4654668
2019-06-28 0:00,-1875.846694
2019-06-29 0:00,1148.233309
2019-06-30 0:00,2621.400792
2019-07-01 0:00,-662.3424754
2019-07-02 0:00,39.79127227
2019-07-03 0:00,644.9338595
2019-07-04 0:00,-100.7225093
2019-07-05 0:00,-1204.947364
2019-07-06 0:00,3749.01288
2019-07-07 0:00,-1916.747766
2019-07-08 0:00,-1299.682531
2019-07-09 0:00,1363.575191
2019-07-10 0:00,1898.136181
2019-07-11 0:00,-2068.147292
2019-07-12 0:00,977.8484646
2019-07-13 0:00,-1843.612037
2019-07-14 0:00,4139.968121
2019-07-15 0:00,1902.761977
2019-07-16 0:00,2226.441644
2019-07-17 0:00,-810.6270784
2019-07-18 0:00,173.1419517
2019-07-19 0:00,-919.1263333
2019-07-20 0:00,999.7974316
2019-07-21 0:00,-58.66218067
2019-07-22 0:00,-1519.974908
2019-07-23 0:00,2842.540247
2019-07-24 0:00,3725.485514
2019-07-25 0:00,-3525.6477
2019-07-26 0:00,-1184.815026
2019-07-27 0:00,-1175.884908
2019-07-28 0:00,1331.01224
2019-07-29 0:00,-1299.698634
2019-07-30 0:00,404.8427715
2019-07-31 0:00,-701.0327083
2019-08-01 0:00,1071.232078
2019-08-02 0:00,1647.349961
2019-08-03 0:00,-1457.119883
2019-08-04 0:00,-2829.499352
2019-08-05 0:00,-2100.017267
2019-08-06 0:00,567.3791268
2019-08-07 0:00,2582.829082
2019-08-08 0:00,1119.615356
2019-08-09 0:00,1853.27149
2019-08-10 0:00,2445.549883
2019-08-11 0:00,-149.1389145
2019-08-12 0:00,-3143.533228
2019-08-13 0:00,-3338.83315
2019-08-14 0:00,1483.716005
2019-08-15 0:00,-1977.407091
2019-08-16 0:00,1105.112627
2019-08-17 0:00,2794.794789
2019-08-18 0:00,-527.9721527
2019-08-19 0:00,2478.774856
2019-08-20 0:00,-927.5730586
2019-08-21 0:00,1355.635911
2019-08-22 0:00,254.3927207
2019-08-23 0:00,-436.9466954
2019-08-24 0:00,-642.4819383
2019-08-25 0:00,758.2591866
2019-08-26 0:00,-106.8204593
2019-08-27 0:00,2224.699269
2019-08-28 0:00,-3417.266005
2019-08-29 0:00,2232.151655
2019-08-30 0:00,-75.71657372
2019-08-31 0:00,1584.141646
2019-09-01 0:00,-1917.264095
2019-09-02 0:00,-64.08458899
2019-09-03 0:00,-2124.987013
2019-09-04 0:00,693.1680618
2019-09-05 0:00,220.9718566
2019-09-06 0:00,2086.821638
2019-09-07 0:00,-3476.902204
2019-09-08 0:00,-1857.171157
2019-09-09 0:00,-447.2440616
2019-09-10 0:00,-1348.141202
2019-09-11 0:00,1263.985849
2019-09-12 0:00,3508.70374
2019-09-13 0:00,-2274.856694
2019-09-14 0:00,2341.62874
2019-09-15 0:00,4589.967391
2019-09-16 0:00,-435.9343069
2019-09-17 0:00,-663.16915
2019-09-18 0:00,1239.613419
2019-09-19 0:00,1875.541249
2019-09-20 0:00,147.1779651
2019-09-21 0:00,1570.258998
2019-09-22 0:00,-278.6977784
2019-09-23 0:00,-1136.354894
2019-09-24 0:00,-4494.14768
2019-09-25 0:00,-2520.779958
2019-09-26 0:00,1705.693873
2019-09-27 0:00,841.9495908
2019-09-28 0:00,1328.285474
2019-09-29 0:00,3334.933434
2019-09-30 0:00,-1559.676143
2019-10-01 0:00,-2576.427976
2019-10-02 0:00,-1964.41665
2019-10-03 0:00,-2135.628802
2019-10-04 0:00,-1322.588757
2019-10-05 0:00,2517.060569
2019-10-06 0:00,-1614.967293
2019-10-07 0:00,1112.471817
2019-10-08 0:00,-5195.038799
2019-10-09 0:00,1054.047669
2019-10-10 0:00,-2275.220532
2019-10-11 0:00,-669.8532181
2019-10-12 0:00,-1428.362095
2019-10-13 0:00,1677.883612
2019-10-14 0:00,4735.285776
2019-10-15 0:00,-745.1153396
2019-10-16 0:00,1302.017354
2019-10-17 0:00,-2040.542686
2019-10-18 0:00,-812.5236258
2019-10-19 0:00,4379.577349
2019-10-20 0:00,-1320.079626
2019-10-21 0:00,-1661.367009
2019-10-22 0:00,-1398.90889
2019-10-23 0:00,-2215.517403
2019-10-24 0:00,-330.0635677
2019-10-25 0:00,-241.2928488
2019-10-26 0:00,1551.954826
2019-10-27 0:00,2516.602191
2019-10-28 0:00,-5285.516086
2019-10-29 0:00,876.1161615
2019-10-30 0:00,-2634.588742
2019-10-31 0:00,785.3991701
2019-11-01 0:00,-4437.33692
2019-11-02 0:00,-744.2238461
2019-11-03 0:00,-4582.541185
2019-11-04 0:00,78.17846001
2019-11-05 0:00,562.7513218
2019-11-06 0:00,-1820.675384
2019-11-07 0:00,447.8295745
2019-11-08 0:00,368.263905
2019-11-09 0:00,-806.5055716
2019-11-10 0:00,-2737.198045
2019-11-11 0:00,409.6747016
2019-11-12 0:00,-4448.694621
2019-11-13 0:00,1674.678
2019-11-14 0:00,4529.490215
2019-11-15 0:00,1039.323367
2019-11-16 0:00,-2803.268166
2019-11-17 0:00,-1119.256473
2019-11-18 0:00,2470.082927
2019-11-19 0:00,-2892.415782
2019-11-20 0:00,1312.492066
2019-11-21 0:00,945.3744393
2019-11-22 0:00,-2310.537231
2019-11-23 0:00,1318.15222
2019-11-24 0:00,-1110.146865
2019-11-25 0:00,-2299.376498
2019-11-26 0:00,-575.0044537
2019-11-27 0:00,-4352.231888
2019-11-28 0:00,802.6731976
2019-11-29 0:00,2728.431432
2019-11-30 0:00,-2164.096187
2019-12-01 0:00,-4232.019061
2019-12-02 0:00,-1847.320544
2019-12-03 0:00,538.1651642
2019-12-04 0:00,-2740.650451
2019-12-05 0:00,-896.9216263
2019-12-06 0:00,537.1249411
2019-12-07 0:00,-546.9694126
2019-12-08 0:00,1988.920861
2019-12-09 0:00,-1939.273426
2019-12-10 0:00,-3588.241558
2019-12-11 0:00,-1342.430348
2019-12-12 0:00,1600.574965
2019-12-13 0:00,-3105.390157
2019-12-14 0:00,-900.6426845
2019-12-15 0:00,468.9382604
2019-12-16 0:00,-2898.609392
2019-12-17 0:00,-2209.969723
2019-12-18 0:00,-445.7139515
2019-12-19 0:00,1660.045944
2019-12-20 0:00,-608.020471
2019-12-21 0:00,813.088966
2019-12-22 0:00,-1827.009961
2019-12-23 0:00,4248.204063
2019-12-24 0:00,-1598.79779
2019-12-25 0:00,1835.976356
2019-12-26 0:00,-2450.738818
2019-12-27 0:00,510.5657154
2019-12-28 0:00,2058.638229
2019-12-29 0:00,-2527.394084
2019-12-30 0:00,-2346.470463
2019-12-31 0:00,-1132.021811
2020-01-01 0:00,-2680.259825
2020-01-02 0:00,1004.431375
2020-01-03 0:00,43.9898818
2020-01-04 0:00,-2058.213423
2020-01-05 0:00,50.02754389
2020-01-06 0:00,419.643613
2020-01-07 0:00,-1194.020528
2020-01-08 0:00,519.7601348
2020-01-09 0:00,977.1636797
2020-01-10 0:00,-292.6278915
2020-01-11 0:00,-848.1247201
2020-01-12 0:00,1646.182353
2020-01-13 0:00,-1427.398061
2020-01-14 0:00,205.1111192
2020-01-15 0:00,-416.3952296
2020-01-16 0:00,3027.756993
2020-01-17 0:00,530.3593585
2020-01-18 0:00,47.19689134
2020-01-19 0:00,-998.9905617
2020-01-20 0:00,-2958.200105
2020-01-21 0:00,656.9622537
2020-01-22 0:00,1384.042413
2020-01-23 0:00,3124.906577
2020-01-24 0:00,1432.083214
2020-01-25 0:00,1616.750316
2020-01-26 0:00,-832.9642613
2020-01-27 0:00,-1893.867859
2020-01-28 0:00,-1372.489719
2020-01-29 0:00,-1018.23939
2020-01-30 0:00,212.8083856
2020-01-31 0:00,395.252973
2020-02-01 0:00,-585.1591987
2020-02-02 0:00,-1096.601377
2020-02-03 0:00,903.5511522
2020-02-04 0:00,31.42578648
2020-02-05 0:00,-1712.87167
2020-02-06 0:00,-1554.795573
2020-02-07 0:00,100.1429082
2020-02-08 0:00,392.1768496
2020-02-09 0:00,114.9370042
2020-02-10 0:00,-17.67089641
2020-02-11 0:00,75.6459338
2020-02-12 0:00,-1543.497086
2020-02-13 0:00,248.0130388
2020-02-14 0:00,-357.0778595
2020-02-15 0:00,1515.310014
2020-02-16 0:00,-1678.765118
2020-02-17 0:00,183.3590083
2020-02-18 0:00,1387.808718
2020-02-19 0:00,-2346.711949
2020-02-20 0:00,1385.253209
2020-02-21 0:00,1910.982095
2020-02-22 0:00,1404.249603
2020-02-23 0:00,1010.953226
2020-02-24 0:00,-1163.102238
2020-02-25 0:00,841.9698259
2020-02-26 0:00,-1443.340307
2020-02-27 0:00,91.25940388
2020-02-28 0:00,985.0423526
2020-02-29 0:00,-458.9342723
2020-03-01 0:00,-45.15626579
2020-03-02 0:00,1117.772027
2020-03-03 0:00,-145.6009203
2020-03-04 0:00,778.6332854
2020-03-05 0:00,273.4067638
2020-03-06 0:00,209.3975057
2020-03-07 0:00,-1053.084636
2020-03-08 0:00,-537.8784084
2020-03-09 0:00,-1542.161775
2020-03-10 0:00,-423.9561369
2020-03-11 0:00,-1395.055469
2020-03-12 0:00,-742.6592821
2020-03-13 0:00,503.8627336
2020-03-14 0:00,861.1357665
2020-03-15 0:00,-2177.04373
2020-03-16 0:00,-695.3480398
2020-03-17 0:00,597.208614
2020-03-18 0:00,-564.4968115
2020-03-19 0:00,1370.74743
2020-03-20 0:00,-3209.526099
2020-03-21 0:00,527.7310218
2020-03-22 0:00,1815.158353
2020-03-23 0:00,-207.1944371
2020-03-24 0:00,-1334.550863
2020-03-25 0:00,-1074.58612
2020-03-26 0:00,2540.260632
2020-03-27 0:00,1146.297884
2020-03-28 0:00,-352.1966451
2020-03-29 0:00,-1407.539747
2020-03-30 0:00,1579.200514
2020-03-31 0:00,-2508.403835
2020-04-01 0:00,1661.065709
2020-04-02 0:00,-1790.939372
2020-04-03 0:00,431.1024583
2020-04-04 0:00,64.18335149
2020-04-05 0:00,1587.813245
2020-04-06 0:00,-2139.516913
2020-04-07 0:00,-1980.285462
2020-04-08 0:00,-280.9551535
2020-04-09 0:00,-1888.396571
2020-04-10 0:00,128.194016
2020-04-11 0:00,-806.5441941
2020-04-12 0:00,-749.3563545
2020-04-13 0:00,-2204.999437
2020-04-14 0:00,-1615.523045
2020-04-15 0:00,-502.6171738
2020-04-16 0:00,-3494.971771
2020-04-17 0:00,2560.101359
2020-04-18 0:00,3210.430894
2020-04-19 0:00,-627.1699354
2020-04-20 0:00,-3260.245238
2020-04-21 0:00,621.3862262
2020-04-22 0:00,-1384.008419
2020-04-23 0:00,-578.399636
2020-04-24 0:00,-1695.50039
2020-04-25 0:00,2862.789298
2020-04-26 0:00,-1805.007902
2020-04-27 0:00,543.6831868
2020-04-28 0:00,-2943.969783
2020-04-29 0:00,1628.118889
2020-04-30 0:00,1603.399789
2020-05-01 0:00,-459.2133979
2020-05-02 0:00,1769.665306
2020-05-03 0:00,505.4194363
2020-05-04 0:00,-505.4642602
2020-05-05 0:00,899.0633783
2020-05-06 0:00,2495.313064
2020-05-07 0:00,2607.968703
2020-05-08 0:00,-257.718843
2020-05-09 0:00,-126.1678731
2020-05-10 0:00,-852.9362431
2020-05-11 0:00,-1115.142961
2020-05-12 0:00,716.6239376
2020-05-13 0:00,3890.324638
2020-05-14 0:00,2044.59815
2020-05-15 0:00,-1118.337602
2020-05-16 0:00,1999.80606
2020-05-17 0:00,-68.27744551
2020-05-18 0:00,-2339.694627
2020-05-19 0:00,10.20665174
2020-05-20 0:00,-2259.453063
2020-05-21 0:00,2168.156877
2020-05-22 0:00,-2078.208134
2020-05-23 0:00,-1470.008656
2020-05-24 0:00,-1430.332632
2020-05-25 0:00,-3755.594294
2020-05-26 0:00,674.9807131
2020-05-27 0:00,-1970.579559
2020-05-28 0:00,1520.286585
2020-05-29 0:00,2309.028332
2020-05-30 0:00,1842.164951
2020-05-31 0:00,-1914.656925
2020-06-01 0:00,-1559.132903
2020-06-02 0:00,4030.426096
2020-06-03 0:00,-324.6965544
2020-06-04 0:00,197.3230434
2020-06-05 0:00,1956.125002
2020-06-06 0:00,-1729.536548
2020-06-07 0:00,-607.1367392
2020-06-08 0:00,-1110.670458
2020-06-09 0:00,-2474.595818
2020-06-10 0:00,-531.2959066
2020-06-11 0:00,-660.0727022
2020-06-12 0:00,1731.806266
2020-06-13 0:00,1980.00912
2020-06-14 0:00,-1837.051592
2020-06-15 0:00,-996.8104767
2020-06-16 0:00,-367.3633482
2020-06-17 0:00,-557.578396
2020-06-18 0:00,7189.480777
2020-06-19 0:00,-3073.847989
2020-06-20 0:00,1951.606324
2020-06-21 0:00,-1721.090867
2020-06-22 0:00,-4016.323485
2020-06-23 0:00,-1618.71627
2020-06-24 0:00,-2016.474452
2020-06-25 0:00,1303.026087
2020-06-26 0:00,3915.106105
2020-06-27 0:00,-4227.978297
2020-06-28 0:00,2743.7249
2020-06-29 0:00,2432.223553
2020-06-30 0:00,-833.7308258
2020-07-01 0:00,-4687.063889
2020-07-02 0:00,1979.047183
2020-07-03 0:00,-14.24815689
2020-07-04 0:00,1090.308418
2020-07-05 0:00,2014.746633
2020-07-06 0:00,-1910.304361
2020-07-07 0:00,-1011.139003
2020-07-08 0:00,7469.531423
2020-07-09 0:00,-3741.781337
2020-07-10 0:00,566.4841219
2020-07-11 0:00,750.6199355
2020-07-12 0:00,-1094.978848
2020-07-13 0:00,-2761.871533
2020-07-14 0:00,36.71499445
2020-07-15 0:00,-2243.277077
2020-07-16 0:00,-839.9677375
2020-07-17 0:00,3112.618257
2020-07-18 0:00,240.2861349
2020-07-19 0:00,-1101.968404
2020-07-20 0:00,3282.959368
2020-07-21 0:00,-2663.790018
2020-07-22 0:00,-1848.035735
2020-07-23 0:00,523.679195
2020-07-24 0:00,2160.569957
2020-07-25 0:00,2331.861246
2020-07-26 0:00,-2769.259058
2020-07-27 0:00,530.9540004
2020-07-28 0:00,-940.796139
2020-07-29 0:00,316.9663457
2020-07-30 0:00,1012.939548
2020-07-31 0:00,-2224.190987
2020-08-01 0:00,1060.656653
2020-08-02 0:00,-1330.620312
2020-08-03 0:00,1767.778207
2020-08-04 0:00,2115.060245
2020-08-05 0:00,-1929.662306
2020-08-06 0:00,-1797.596298
2020-08-07 0:00,133.8114382
2020-08-08 0:00,1245.296416
2020-08-09 0:00,-427.2306856
2020-08-10 0:00,1123.717691
2020-08-11 0:00,-1458.232571
2020-08-12 0:00,2891.128483
2020-08-13 0:00,-1214.022355
2020-08-14 0:00,-1634.34263
2020-08-15 0:00,-2284.027627
2020-08-16 0:00,1085.204679
2020-08-17 0:00,-607.4654397
2020-08-18 0:00,-1973.947492
2020-08-19 0:00,1197.192767
2020-08-20 0:00,-279.0883406
2020-08-21 0:00,1698.778588
2020-08-22 0:00,1829.017208
2020-08-23 0:00,-951.9428793
2020-08-24 0:00,-1011.262769
2020-08-25 0:00,2301.900173
2020-08-26 0:00,2649.344045
2020-08-27 0:00,-2884.968954
2020-08-28 0:00,-1957.727109
2020-08-29 0:00,632.6924922
2020-08-30 0:00,-542.8840085
2020-08-31 0:00,143.1986883
2020-09-01 0:00,-60.45001008
2020-09-02 0:00,-364.3575188
2020-09-03 0:00,1334.302826
2020-09-04 0:00,1778.796288
2020-09-05 0:00,-819.9673678
2020-09-06 0:00,-1069.723851
2020-09-07 0:00,-1869.323595
2020-09-08 0:00,805.8777966
2020-09-09 0:00,3109.33246
2020-09-10 0:00,3115.434907
2020-09-11 0:00,-2529.749958
2020-09-12 0:00,-104.2796484
2020-09-13 0:00,2816.475786
2020-09-14 0:00,-3926.909305
2020-09-15 0:00,3650.322532
2020-09-16 0:00,491.6880266
2020-09-17 0:00,-352.7412236
2020-09-18 0:00,-1585.968401
2020-09-19 0:00,-489.618009
2020-09-20 0:00,-2241.699343
2020-09-21 0:00,-1397.571419
2020-09-22 0:00,-2674.841829
2020-09-23 0:00,1751.730029
2020-09-24 0:00,-348.5009077
2020-09-25 0:00,-1164.303127
2020-09-26 0:00,2523.109909
2020-09-27 0:00,51.51422904
2020-09-28 0:00,-3140.159386
2020-09-29 0:00,-1837.145609
2020-09-30 0:00,-3586.015941
2020-10-01 0:00,653.7247793
2020-10-02 0:00,892.8901185
2020-10-03 0:00,634.5590453
2020-10-04 0:00,-1629.541831
2020-10-05 0:00,-1645.57559
2020-10-06 0:00,-2264.634462
2020-10-07 0:00,2266.440259
2020-10-08 0:00,530.4732018
2020-10-09 0:00,-2002.459733
2020-10-10 0:00,-2240.563576
2020-10-11 0:00,-2015.410382
2020-10-12 0:00,-453.7895296
2020-10-13 0:00,1212.179376
2020-10-14 0:00,-871.3358092
2020-10-15 0:00,-3633.388821
2020-10-16 0:00,3588.498856
2020-10-17 0:00,-2206.47747
2020-10-18 0:00,-2858.489019
2020-10-19 0:00,-1151.955777
2020-10-20 0:00,-1730.741707
2020-10-21 0:00,34.15574885
2020-10-22 0:00,1515.671058
2020-10-23 0:00,2403.569168
2020-10-24 0:00,1941.252756
2020-10-25 0:00,1895.717559
2020-10-26 0:00,-3874.901253
2020-10-27 0:00,-2869.138821
2020-10-28 0:00,2615.882861
2020-10-29 0:00,1540.25189
2020-10-30 0:00,2966.740145
2020-10-31 0:00,1196.678839
2020-11-01 0:00,-1574.248221
2020-11-02 0:00,-2012.084682
2020-11-03 0:00,-3911.537725
2020-11-04 0:00,153.9577764
2020-11-05 0:00,-1553.133224
2020-11-06 0:00,6464.593415
2020-11-07 0:00,-2435.531212
2020-11-08 0:00,0.374384674
2020-11-09 0:00,-2256.274107
2020-11-10 0:00,306.3508774
2020-11-11 0:00,2104.687545
2020-11-12 0:00,1067.691345
2020-11-13 0:00,1918.334603
2020-11-14 0:00,2082.051425
2020-11-15 0:00,2280.873998
2020-11-16 0:00,-3698.032244
2020-11-17 0:00,3429.056726
2020-11-18 0:00,-975.7175896
2020-11-19 0:00,-2406.696208
2020-11-20 0:00,-1956.241984
2020-11-21 0:00,2857.336318
2020-11-22 0:00,-823.3622419
2020-11-23 0:00,-1304.359373
2020-11-24 0:00,1256.953936
2020-11-25 0:00,1251.586453
2020-11-26 0:00,7033.811832
2020-11-27 0:00,-889.0843509
2020-11-28 0:00,-948.957764
2020-11-29 0:00,-2356.698975
2020-11-30 0:00,4430.60632
2020-12-01 0:00,266.7571819
2020-12-02 0:00,1621.706027
2020-12-03 0:00,-1631.048421
2020-12-04 0:00,4446.458503
2020-12-05 0:00,-1104.811245
2020-12-06 0:00,-2231.107627
2020-12-07 0:00,-2102.666385
2020-12-08 0:00,-32.45497065
2020-12-09 0:00,-3340.873368
2020-12-10 0:00,705.9571243
2020-12-11 0:00,1464.326238
2020-12-12 0:00,-2930.319933
2020-12-13 0:00,3834.532725
2020-12-14 0:00,-1641.310917
2020-12-15 0:00,1255.148127
2020-12-16 0:00,1820.149667
2020-12-17 0:00,2071.190326
2020-12-18 0:00,-742.1013359
2020-12-19 0:00,-917.1237184
2020-12-20 0:00,-3344.269702
2020-12-21 0:00,4626.511924
2020-12-22 0:00,-1376.872324
2020-12-23 0:00,2753.311741
2020-12-24 0:00,2804.419488
2020-12-25 0:00,-1776.624596
2020-12-26 0:00,-1744.867014
2020-12-27 0:00,3516.520138
2020-12-28 0:00,-1155.85305
2020-12-29 0:00,-2483.654327
2020-12-30 0:00,-938.6578885
2020-12-31 0:00,-1156.34537
2021-01-01 0:00,-242.8631567
2021-01-02 0:00,-684.0004827
2021-01-03 0:00,-2099.116635
2021-01-04 0:00,-2743.413141
2021-01-05 0:00,-415.1688426
2021-01-06 0:00,-887.0730293
2021-01-07 0:00,27.89773377
2021-01-08 0:00,1135.159697
2021-01-09 0:00,-541.3314305
2021-01-10 0:00,284.2213382
2021-01-11 0:00,606.8715347
2021-01-12 0:00,-415.0791322
2021-01-13 0:00,103.3069371
2021-01-14 0:00,-1292.01336
2021-01-15 0:00,-485.9960538
2021-01-16 0:00,-1245.944439
2021-01-17 0:00,-26.18610404
2021-01-18 0:00,1066.059736
2021-01-19 0:00,324.504481
2021-01-20 0:00,-95.02432583
2021-01-21 0:00,3455.901953
2021-01-22 0:00,-553.0674975
2021-01-23 0:00,581.633946
2021-01-24 0:00,-831.0303637
2021-01-25 0:00,873.2862226
2021-01-26 0:00,-876.8704838
2021-01-27 0:00,-1353.87024
2021-01-28 0:00,-589.0143614
2021-01-29 0:00,3060.97698
2021-01-30 0:00,-1973.475135
2021-01-31 0:00,-1187.43905
2021-02-01 0:00,-315.6333539
2021-02-02 0:00,-2448.835252
2021-02-03 0:00,-2464.157316
2021-02-04 0:00,970.8763921
2021-02-05 0:00,-2187.88628
2021-02-06 0:00,-180.57502
2021-02-07 0:00,442.0758951
2021-02-08 0:00,50.34299729
2021-02-09 0:00,116.2234332
2021-02-10 0:00,2309.155894
2021-02-11 0:00,4818.385414
2021-02-12 0:00,212.0785916
2021-02-13 0:00,1419.167434
2021-02-14 0:00,1497.071995
2021-02-15 0:00,1572.825389
2021-02-16 0:00,1257.361683
2021-02-17 0:00,-1530.854965
2021-02-18 0:00,1212.907684
2021-02-19 0:00,865.9370328
2021-02-20 0:00,2003.18724
2021-02-21 0:00,358.0171405
2021-02-22 0:00,-702.5730507
2021-02-23 0:00,627.5979613
2021-02-24 0:00,-1057.539547
2021-02-25 0:00,-778.0002377
2021-02-26 0:00,397.8155696
2021-02-27 0:00,-2269.136671
2021-02-28 0:00,723.027272
2021-03-01 0:00,1053.709562
2021-03-02 0:00,-737.7927804
2021-03-03 0:00,1149.624816
2021-03-04 0:00,2074.33871
2021-03-05 0:00,-237.2587083
2021-03-06 0:00,-144.8537995
2021-03-07 0:00,-802.5792682
2021-03-08 0:00,-260.6895685
2021-03-09 0:00,653.2274186
2021-03-10 0:00,-24.06879106
2021-03-11 0:00,360.2997203
2021-03-12 0:00,-932.9515258
2021-03-13 0:00,1836.415497
2021-03-14 0:00,2095.271512
2021-03-15 0:00,-2056.763646
2021-03-16 0:00,-582.0967147
2021-03-17 0:00,-61.99406443
2021-03-18 0:00,1617.480272
2021-03-19 0:00,-1244.874659
2021-03-20 0:00,118.9598431
2021-03-21 0:00,197.5823871
2021-03-22 0:00,415.7069017
2021-03-23 0:00,-167.2382708
2021-03-24 0:00,725.5638801
2021-03-25 0:00,-991.3881961
2021-03-26 0:00,2481.326497
2021-03-27 0:00,-695.2187168
2021-03-28 0:00,-1156.953646
2021-03-29 0:00,1708.149662
2021-03-30 0:00,1916.208031
2021-03-31 0:00,1089.305929
2021-04-01 0:00,-1206.504344
2021-04-02 0:00,-408.3893759
2021-04-03 0:00,4968.168493
2021-04-04 0:00,1871.955182
2021-04-05 0:00,-963.7923907
2021-04-06 0:00,1949.214532
2021-04-07 0:00,-16.9534847
2021-04-08 0:00,823.481933
2021-04-09 0:00,165.6543267
2021-04-10 0:00,3218.074238
2021-04-11 0:00,-442.7959306
2021-04-12 0:00,1262.780709
2021-04-13 0:00,1398.06288
2021-04-14 0:00,1565.995909
2021-04-15 0:00,-658.4113433
2021-04-16 0:00,601.7276435
2021-04-17 0:00,-1112.46958
2021-04-18 0:00,1953.506536
2021-04-19 0:00,2313.691417
2021-04-20 0:00,-350.7279887
2021-04-21 0:00,-1323.221735
2021-04-22 0:00,2887.798806
2021-04-23 0:00,-3074.428603
2021-04-24 0:00,1789.171239
2021-04-25 0:00,1680.633315
2021-04-26 0:00,1715.313163
2021-04-27 0:00,-1007.319906
2021-04-28 0:00,908.3714414
2021-04-29 0:00,3499.598795
2021-04-30 0:00,-2817.092616
2021-05-01 0:00,-356.3799925
2021-05-02 0:00,1900.619877
2021-05-03 0:00,2111.794779
2021-05-04 0:00,2157.539307
2021-05-05 0:00,2671.339269
2021-05-06 0:00,-2442.49108
2021-05-07 0:00,740.2634945
2021-05-08 0:00,685.0044449
2021-05-09 0:00,-1219.129597
2021-05-10 0:00,-1127.755983
2021-05-11 0:00,-331.9564519
2021-05-12 0:00,-3297.880543
2021-05-13 0:00,-716.5828665
2021-05-14 0:00,1538.661893
2021-05-15 0:00,-2786.881099
2021-05-16 0:00,1905.961196
2021-05-17 0:00,2672.917559
2021-05-18 0:00,965.3433193
2021-05-19 0:00,-1155.893544
2021-05-20 0:00,-626.2806745
2021-05-21 0:00,1393.502014
2021-05-22 0:00,-1023.567782
2021-05-23 0:00,-831.2509291
2021-05-24 0:00,-464.6583654
2021-05-25 0:00,-1208.548582
2021-05-26 0:00,699.6502217
2021-05-27 0:00,3021.060977
2021-05-28 0:00,-2851.067928
2021-05-29 0:00,2603.3859
2021-05-30 0:00,1296.215213
2021-05-31 0:00,948.058823
2021-06-01 0:00,-690.5423848
2021-06-02 0:00,-1945.708244
2021-06-03 0:00,2086.280943
2021-06-04 0:00,-3192.518851
2021-06-05 0:00,-728.1584489
2021-06-06 0:00,-2928.254906
2021-06-07 0:00,2293.492581
2021-06-08 0:00,-1992.246679
2021-06-09 0:00,685.1179717
2021-06-10 0:00,-5996.9674
2021-06-11 0:00,-963.4861766
2021-06-12 0:00,197.7031306
2021-06-13 0:00,-1194.17038
2021-06-14 0:00,75.10306928
2021-06-15 0:00,-573.1862484
2021-06-16 0:00,629.1931071
2021-06-17 0:00,93.57930411
2021-06-18 0:00,576.8360605
2021-06-19 0:00,-600.5429589
2021-06-20 0:00,-1582.108634
2021-06-21 0:00,-2484.134319
2021-06-22 0:00,-1523.291857
2021-06-23 0:00,1108.445989
2021-06-24 0:00,1727.319833
2021-06-25 0:00,163.3387395
2021-06-26 0:00,-433.4726942
2021-06-27 0:00,-2907.002399
2021-06-28 0:00,1284.731156
2021-06-29 0:00,-2649.391281
2021-06-30 0:00,948.3467794
2021-07-01 0:00,-1255.117982
2021-07-02 0:00,3993.096132
2021-07-03 0:00,2740.499085
2021-07-04 0:00,702.0392708
2021-07-05 0:00,-1479.077082
2021-07-06 0:00,404.9858474
2021-07-07 0:00,439.8077404
2021-07-08 0:00,-1746.698026
2021-07-09 0:00,1199.960114
2021-07-10 0:00,-426.8355261
2021-07-11 0:00,25.71364962
2021-07-12 0:00,-2340.105616
2021-07-13 0:00,-2113.133947
2021-07-14 0:00,765.0970006
2021-07-15 0:00,2297.714476
2021-07-16 0:00,1478.735441
2021-07-17 0:00,-4147.242484
2021-07-18 0:00,872.8751891
2021-07-19 0:00,-914.1195065
2021-07-20 0:00,697.143843
2021-07-21 0:00,4017.932833
2021-07-22 0:00,3572.24087
2021-07-23 0:00,392.9424545
2021-07-24 0:00,951.5770287
2021-07-25 0:00,-2852.212322
2021-07-26 0:00,754.8395404
2021-07-27 0:00,-1446.708247
2021-07-28 0:00,-931.4113072
2021-07-29 0:00,5868.713349
2021-07-30 0:00,764.5640226
2021-07-31 0:00,837.2559533
2021-08-01 0:00,465.5413092
2021-08-02 0:00,2350.201356
2021-08-03 0:00,-2610.003934
2021-08-04 0:00,-374.5539063
2021-08-05 0:00,-2187.435283
2021-08-06 0:00,-155.8181691
2021-08-07 0:00,-763.7933911
2021-08-08 0:00,-1821.521997
2021-08-09 0:00,765.9282965
2021-08-10 0:00,-811.4146354
2021-08-11 0:00,3909.555186
2021-08-12 0:00,-516.1264417
2021-08-13 0:00,-698.6584713
2021-08-14 0:00,403.0761938
2021-08-15 0:00,2960.940578
2021-08-16 0:00,-749.3760177
2021-08-17 0:00,717.9083126
2021-08-18 0:00,1328.85482
2021-08-19 0:00,212.0650688
2021-08-20 0:00,-938.9972065
2021-08-21 0:00,792.5711977
2021-08-22 0:00,1588.207012
2021-08-23 0:00,3123.09448
2021-08-24 0:00,1010.218141
2021-08-25 0:00,-3719.174514
2021-08-26 0:00,-183.5260562
2021-08-27 0:00,1938.85341
2021-08-28 0:00,-768.4347091
2021-08-29 0:00,-1857.152811
2021-08-30 0:00,-1547.795779
2021-08-31 0:00,-578.7239751
2021-09-01 0:00,1977.073225
2021-09-02 0:00,-1582.229165
2021-09-03 0:00,1097.664399
2021-09-04 0:00,1094.259612
2021-09-05 0:00,-2147.86008
2021-09-06 0:00,-951.840002
2021-09-07 0:00,1922.202279
2021-09-08 0:00,550.0348059
2021-09-09 0:00,-2603.388264
2021-09-10 0:00,-907.5125468
2021-09-11 0:00,1842.848517
2021-09-12 0:00,-177.4025223
2021-09-13 0:00,-2609.480396
2021-09-14 0:00,-1361.875132
2021-09-15 0:00,167.2196348
2021-09-16 0:00,1657.443429
2021-09-17 0:00,-429.538474
2021-09-18 0:00,108.4299312
2021-09-19 0:00,-1581.005093
2021-09-20 0:00,1110.724382
2021-09-21 0:00,-2893.280194
2021-09-22 0:00,-13.75489323
2021-09-23 0:00,1925.372868
2021-09-24 0:00,-2691.600703
2021-09-25 0:00,-39.10833329
2021-09-26 0:00,-2170.254708
2021-09-27 0:00,-1076.112658
2021-09-28 0:00,601.8994814
2021-09-29 0:00,1534.434024
2021-09-30 0:00,-1381.119721
2021-10-01 0:00,2589.160503
2021-10-02 0:00,499.6686131
2021-10-03 0:00,-2366.621169
2021-10-04 0:00,1341.130494
2021-10-05 0:00,404.3132421
2021-10-06 0:00,3820.90662
2021-10-07 0:00,-47.73389092
2021-10-08 0:00,-2924.631627
2021-10-09 0:00,1840.520242
2021-10-10 0:00,2115.516603
2021-10-11 0:00,3046.350267
2021-10-12 0:00,-4424.622351
2021-10-13 0:00,-1412.244686
2021-10-14 0:00,-1262.808017
2021-10-15 0:00,-409.4160412
2021-10-16 0:00,566.7029107
2021-10-17 0:00,-5492.374365
2021-10-18 0:00,4510.927217
2021-10-19 0:00,-1145.62319
2021-10-20 0:00,-1894.040831
2021-10-21 0:00,3696.080827
2021-10-22 0:00,-2410.906756
2021-10-23 0:00,2779.993978
2021-10-24 0:00,-3585.062564
2021-10-25 0:00,-2623.419124
2021-10-26 0:00,234.231075
2021-10-27 0:00,369.7086109
2021-10-28 0:00,-1460.118996
2021-10-29 0:00,6138.508101
2021-10-30 0:00,-1181.286344
2021-10-31 0:00,-333.1039932
2021-11-01 0:00,-1256.360361
2021-11-02 0:00,3060.936033
2021-11-03 0:00,-42.30089757
2021-11-04 0:00,851.6683858
2021-11-05 0:00,178.9989928
2021-11-06 0:00,-1060.647319
2021-11-07 0:00,626.2931095
2021-11-08 0:00,-1050.589314
2021-11-09 0:00,3005.340481
2021-11-10 0:00,-683.8712147
2021-11-11 0:00,1280.02758
2021-11-12 0:00,-1108.929452
2021-11-13 0:00,-2480.953514
2021-11-14 0:00,706.0397909
2021-11-15 0:00,-1961.534309
2021-11-16 0:00,1659.212403
2021-11-17 0:00,167.4975557
2021-11-18 0:00,7271.167052
2021-11-19 0:00,2403.68459
2021-11-20 0:00,400.7027668
2021-11-21 0:00,182.6425732
2021-11-22 0:00,292.081623
2021-11-23 0:00,143.7320548
2021-11-24 0:00,3285.564944
2021-11-25 0:00,-745.6867151
2021-11-26 0:00,-3788.310872
2021-11-27 0:00,4026.315505
2021-11-28 0:00,-54.58714378
2021-11-29 0:00,1014.205839
2021-11-30 0:00,-4064.929892
2021-12-01 0:00,2238.046264
2021-12-02 0:00,3716.417349
2021-12-03 0:00,-2152.688192
2021-12-04 0:00,-277.8001752
2021-12-05 0:00,-73.72998984
2021-12-06 0:00,-1085.065355
2021-12-07 0:00,-4520.363438
2021-12-08 0:00,1542.818651
2021-12-09 0:00,-820.259763
2021-12-10 0:00,2435.687907
2021-12-11 0:00,-2161.033726
2021-12-12 0:00,-1544.470211
2021-12-13 0:00,-1821.436664
2021-12-14 0:00,291.3624946
2021-12-15 0:00,4.7953942
2021-12-16 0:00,2378.647483
2021-12-17 0:00,209.8802641
2021-12-18 0:00,-1649.253126
2021-12-19 0:00,-1480.331792
2021-12-20 0:00,-1510.764049
2021-12-21 0:00,3310.364816
2021-12-22 0:00,-1726.933262
2021-12-23 0:00,-1003.310835
2021-12-24 0:00,4474.039855
2021-12-25 0:00,718.1523747
2021-12-26 0:00,-44.83208014
2021-12-27 0:00,-1525.838116
2021-12-28 0:00,2310.756092
2021-12-29 0:00,1720.76801
2021-12-30 0:00,1545.917379
2021-12-31 0:00,3605.814245
2022-01-01 0:00,2399.850075
2022-01-02 0:00,-963.856234
2022-01-03 0:00,1667.994427
2022-01-04 0:00,-787.9485419
2022-01-05 0:00,500.0907954
2022-01-06 0:00,543.1019616
2022-01-07 0:00,-120.7014824
2022-01-08 0:00,-411.8007345
2022-01-09 0:00,-181.8007463
2022-01-10 0:00,-373.6944064
2022-01-11 0:00,-1256.874465
2022-01-12 0:00,-3.77308641
2022-01-13 0:00,-1811.595521
2022-01-14 0:00,865.9570984
2022-01-15 0:00,-1046.490818
2022-01-16 0:00,-2305.133828
2022-01-17 0:00,28.82272317
2022-01-18 0:00,-407.131939
2022-01-19 0:00,1081.378383
2022-01-20 0:00,-768.8168932
2022-01-21 0:00,-1055.921325
2022-01-22 0:00,-48.00858109
2022-01-23 0:00,-1141.4173
2022-01-24 0:00,-912.5308315
2022-01-25 0:00,-819.3625498
2022-01-26 0:00,3269.265845
2022-01-27 0:00,-1902.150736
2022-01-28 0:00,-8.240274902
2022-01-29 0:00,-727.7087677
2022-01-30 0:00,259.3781883
2022-01-31 0:00,-131.8720517
2022-02-01 0:00,1690.469091
2022-02-02 0:00,383.3601187
2022-02-03 0:00,1684.594544
2022-02-04 0:00,-699.0776638
2022-02-05 0:00,356.8121934
2022-02-06 0:00,384.9100718
2022-02-07 0:00,-1384.318164
2022-02-08 0:00,242.2852281
2022-02-09 0:00,1307.618675
2022-02-10 0:00,934.3865309
2022-02-11 0:00,2325.371532
2022-02-12 0:00,-556.5175264
2022-02-13 0:00,-1576.018706
2022-02-14 0:00,-1453.632261
2022-02-15 0:00,-2150.488573
2022-02-16 0:00,269.8387231
2022-02-17 0:00,-2069.277517
2022-02-18 0:00,-1310.97379
2022-02-19 0:00,-1546.66981
2022-02-20 0:00,1.812786005
2022-02-21 0:00,177.2082451
2022-02-22 0:00,-3352.599589
2022-02-23 0:00,-522.110584
2022-02-24 0:00,-47.39747949
2022-02-25 0:00,-1177.61932
2022-02-26 0:00,-783.9566597
2022-02-27 0:00,-77.79801291
2022-02-28 0:00,1584.990504
2022-03-01 0:00,-1317.554557
2022-03-02 0:00,-1383.228607
2022-03-03 0:00,-1401.640544
2022-03-04 0:00,316.1133342
2022-03-05 0:00,-110.3380838
2022-03-06 0:00,-2160.303918
2022-03-07 0:00,1799.77184
2022-03-08 0:00,1934.749864
2022-03-09 0:00,-1149.940291
2022-03-10 0:00,-1065.003407
2022-03-11 0:00,984.7887521
2022-03-12 0:00,-2212.752469
2022-03-13 0:00,576.0465983
2022-03-14 0:00,-1411.369202
2022-03-15 0:00,1367.690523
2022-03-16 0:00,664.1879129
2022-03-17 0:00,2406.352824
2022-03-18 0:00,836.7997261
2022-03-19 0:00,321.9079074
2022-03-20 0:00,-255.3567819
2022-03-21 0:00,-1819.756728
2022-03-22 0:00,3358.369118
2022-03-23 0:00,-123.3192174
2022-03-24 0:00,3338.013599
2022-03-25 0:00,3140.777036
2022-03-26 0:00,-2563.384322
2022-03-27 0:00,-159.8777294
2022-03-28 0:00,716.7598111
2022-03-29 0:00,-2086.161641
2022-03-30 0:00,2926.079245
2022-03-31 0:00,-811.9516825
2022-04-01 0:00,2887.703334
2022-04-02 0:00,14.11491297
2022-04-03 0:00,-1501.919197
2022-04-04 0:00,4771.701651
2022-04-05 0:00,349.8009955
2022-04-06 0:00,-582.2863374
2022-04-07 0:00,-1542.531724
2022-04-08 0:00,822.5761965
2022-04-09 0:00,-4016.22275
2022-04-10 0:00,4552.253999
2022-04-11 0:00,4.673734999
2022-04-12 0:00,-1016.549317
2022-04-13 0:00,2008.700695
2022-04-14 0:00,-242.9350407
2022-04-15 0:00,-786.6669554
2022-04-16 0:00,3815.96591
2022-04-17 0:00,1498.981308
2022-04-18 0:00,-1332.995072
2022-04-19 0:00,-1853.516854
2022-04-20 0:00,508.2738196
2022-04-21 0:00,1152.704547
2022-04-22 0:00,447.9771753
2022-04-23 0:00,2296.836531
2022-04-24 0:00,-2133.47384
2022-04-25 0:00,516.5152406
2022-04-26 0:00,4352.175537
2022-04-27 0:00,-1312.920838
2022-04-28 0:00,1234.066503
2022-04-29 0:00,-1740.793713
2022-04-30 0:00,1707.148354
2022-05-01 0:00,1002.644591
2022-05-02 0:00,990.6527576
2022-05-03 0:00,1219.509497
2022-05-04 0:00,1376.904486
2022-05-05 0:00,1011.074034
2022-05-06 0:00,-2607.886206
2022-05-07 0:00,226.9947646
2022-05-08 0:00,792.0340478
2022-05-09 0:00,-331.1760945
2022-05-10 0:00,1633.79508
2022-05-11 0:00,-379.9188371
2022-05-12 0:00,-2124.681838
2022-05-13 0:00,3069.158626
2022-05-14 0:00,1610.965298
2022-05-15 0:00,2874.906306
2022-05-16 0:00,-3898.82847
2022-05-17 0:00,-2021.063914
2022-05-18 0:00,-202.6733397
2022-05-19 0:00,3299.832603
2022-05-20 0:00,4133.007801
2022-05-21 0:00,998.8655464
2022-05-22 0:00,1954.878433
2022-05-23 0:00,2376.619799
2022-05-24 0:00,661.2214426
2022-05-25 0:00,2282.64689
2022-05-26 0:00,-3414.756564
2022-05-27 0:00,-3345.860244
2022-05-28 0:00,623.2930701
2022-05-29 0:00,233.391138
2022-05-30 0:00,-316.0465169
2022-05-31 0:00,-2021.876813
2022-06-01 0:00,-1171.453687
2022-06-02 0:00,4473.954508
2022-06-03 0:00,4045.131468
2022-06-04 0:00,-689.167606
2022-06-05 0:00,-1543.677806
2022-06-06 0:00,1256.123568
2022-06-07 0:00,902.2760367
2022-06-08 0:00,-1781.912605
2022-06-09 0:00,392.4843912
2022-06-10 0:00,3679.579287
2022-06-11 0:00,2339.943947
2022-06-12 0:00,677.8535351
2022-06-13 0:00,-2453.579406
2022-06-14 0:00,-3697.930764
2022-06-15 0:00,1680.491285
2022-06-16 0:00,-149.4125718
2022-06-17 0:00,1007.505549
2022-06-18 0:00,-2100.780752
2022-06-19 0:00,-1272.39285
2022-06-20 0:00,701.9711695
2022-06-21 0:00,3087.535861
2022-06-22 0:00,-1485.403366
2022-06-23 0:00,1555.748817
2022-06-24 0:00,-1364.274319
2022-06-25 0:00,-2025.335704
2022-06-26 0:00,-1223.147027
2022-06-27 0:00,1352.617455
2022-06-28 0:00,-1389.261732
2022-06-29 0:00,962.5948029
2022-06-30 0:00,1897.013971
2022-07-01 0:00,350.8159451
2022-07-02 0:00,-1424.056273
2022-07-03 0:00,492.4762652
2022-07-04 0:00,258.9358231
2022-07-05 0:00,-3776.489594
2022-07-06 0:00,-1004.033538
2022-07-07 0:00,7905.123968
2022-07-08 0:00,1059.265167
2022-07-09 0:00,710.6727085
2022-07-10 0:00,1016.215411
2022-07-11 0:00,808.9841044
2022-07-12 0:00,3.54071544
2022-07-13 0:00,-329.6200051
2022-07-14 0:00,-2727.444616
2022-07-15 0:00,585.2150987
2022-07-16 0:00,2219.427295
2022-07-17 0:00,-665.2980655
2022-07-18 0:00,1231.96318
2022-07-19 0:00,-2299.674514
2022-07-20 0:00,-1520.647502
2022-07-21 0:00,2986.269929
2022-07-22 0:00,1119.761571
2022-07-23 0:00,-547.0969321
2022-07-24 0:00,606.9492572
2022-07-25 0:00,-339.8175385
2022-07-26 0:00,-147.5693838
2022-07-27 0:00,-2890.825003
2022-07-28 0:00,-1510.790576
2022-07-29 0:00,960.1388721
2022-07-30 0:00,-446.279265
2022-07-31 0:00,-1391.324077
2022-08-01 0:00,-534.6519245
2022-08-02 0:00,-1392.206737
2022-08-03 0:00,418.8008204
2022-08-04 0:00,868.6733553
2022-08-05 0:00,-1328.417498
2022-08-06 0:00,266.439513
2022-08-07 0:00,-610.7878417
2022-08-08 0:00,2922.227447
2022-08-09 0:00,2978.562552
2022-08-10 0:00,-18.8124035
2022-08-11 0:00,339.2636471
2022-08-12 0:00,2992.789146
2022-08-13 0:00,-1297.692954
2022-08-14 0:00,3388.244368
2022-08-15 0:00,-3416.680799
2022-08-16 0:00,2317.15616
2022-08-17 0:00,716.2468927
2022-08-18 0:00,-751.1253737
2022-08-19 0:00,844.5658915
2022-08-20 0:00,233.7129005
2022-08-21 0:00,-1411.463984
2022-08-22 0:00,-4391.841078
2022-08-23 0:00,-1969.231203
2022-08-24 0:00,1161.987893
2022-08-25 0:00,693.4015245
2022-08-26 0:00,-2621.105689
2022-08-27 0:00,4478.908487
2022-08-28 0:00,338.3373142
2022-08-29 0:00,3966.441351
2022-08-30 0:00,-418.7671589
2022-08-31 0:00,1175.334855
2022-09-01 0:00,-966.3245122
2022-09-02 0:00,1234.602296
2022-09-03 0:00,-3496.114723
2022-09-04 0:00,-674.4188044
2022-09-05 0:00,-585.1393299
2022-09-06 0:00,-354.4159257
2022-09-07 0:00,1412.235851
2022-09-08 0:00,-646.0596402
2022-09-09 0:00,744.6111881
2022-09-10 0:00,-2170.78192
2022-09-11 0:00,-1894.521011
2022-09-12 0:00,-2902.087208
2022-09-13 0:00,1861.27158
2022-09-14 0:00,245.6832198
2022-09-15 0:00,-3268.019599
2022-09-16 0:00,-1412.159951
2022-09-17 0:00,-1755.752774
2022-09-18 0:00,-2825.170275
2022-09-19 0:00,1705.031404
2022-09-20 0:00,-3657.388102
2022-09-21 0:00,-911.1822405
2022-09-22 0:00,850.8639468
2022-09-23 0:00,-1418.269849
2022-09-24 0:00,-1092.825056
2022-09-25 0:00,-3732.013049
2022-09-26 0:00,-157.4640847
2022-09-27 0:00,1669.308063
2022-09-28 0:00,591.0649364
2022-09-29 0:00,6404.147774
2022-09-30 0:00,459.8211078
2022-10-01 0:00,-1013.157301
2022-10-02 0:00,-356.6299349
2022-10-03 0:00,3269.247735
2022-10-04 0:00,1459.960396
2022-10-05 0:00,-382.3442398
2022-10-06 0:00,-3168.138337
2022-10-07 0:00,5699.975993
2022-10-08 0:00,4771.660635
2022-10-09 0:00,2618.359086
2022-10-10 0:00,-1173.78203
2022-10-11 0:00,-2429.701092
2022-10-12 0:00,670.588703
2022-10-13 0:00,-21.86198212
2022-10-14 0:00,-1499.749433
2022-10-15 0:00,1974.823723
2022-10-16 0:00,-53.81316596
2022-10-17 0:00,-469.8051873
2022-10-18 0:00,1738.787674
2022-10-19 0:00,-2135.123795
2022-10-20 0:00,-2941.705545
2022-10-21 0:00,938.9697077
2022-10-22 0:00,-691.2360093
2022-10-23 0:00,-1092.170443
2022-10-24 0:00,408.7420996
2022-10-25 0:00,-1387.244934
2022-10-26 0:00,-78.41840218
2022-10-27 0:00,1338.794162
2022-10-28 0:00,2048.932655
2022-10-29 0:00,-1955.48473
2022-10-30 0:00,-2275.810655
2022-10-31 0:00,-83.82034648
2022-11-01 0:00,-2414.17422
2022-11-02 0:00,3446.909876
2022-11-03 0:00,1459.170685
2022-11-04 0:00,1810.706265
2022-11-05 0:00,1486.406117
2022-11-06 0:00,-3233.081599
2022-11-07 0:00,-1891.465002
2022-11-08 0:00,-715.1168109
2022-11-09 0:00,-2894.82167
2022-11-10 0:00,-2413.361145
2022-11-11 0:00,4515.77839
2022-11-12 0:00,-1031.105827
2022-11-13 0:00,-1862.356832
2022-11-14 0:00,-4183.389436
2022-11-15 0:00,-1577.047239
2022-11-16 0:00,-1868.002297
2022-11-17 0:00,955.2927834
2022-11-18 0:00,1635.504173
2022-11-19 0:00,-1380.886047
2022-11-20 0:00,-2212.451275
2022-11-21 0:00,-5684.898213
2022-11-22 0:00,2138.096631
2022-11-23 0:00,-894.23582
2022-11-24 0:00,-1409.660633
2022-11-25 0:00,-76.13979875
2022-11-26 0:00,-1588.269953
2022-11-27 0:00,2247.917336
2022-11-28 0:00,1203.063482
2022-11-29 0:00,-330.9475579
2022-11-30 0:00,2058.565963
2022-12-01 0:00,-2663.343072
2022-12-02 0:00,-444.3530769
2022-12-03 0:00,1849.811667
2022-12-04 0:00,-2771.133678
2022-12-05 0:00,4867.113802
2022-12-06 0:00,1267.406476
2022-12-07 0:00,1989.804388
2022-12-08 0:00,1305.452618
2022-12-09 0:00,2364.482419
2022-12-10 0:00,268.2002278
2022-12-11 0:00,2432.158673
2022-12-12 0:00,2413.729735
2022-12-13 0:00,2991.741994
2022-12-14 0:00,-2499.707742
2022-12-15 0:00,1260.309429
2022-12-16 0:00,2612.965535
2022-12-17 0:00,-2129.602845
2022-12-18 0:00,892.4241589
2022-12-19 0:00,-3795.424486
2022-12-20 0:00,2180.941957
2022-12-21 0:00,-1995.861692
2022-12-22 0:00,353.008425
2022-12-23 0:00,-805.4070724
2022-12-24 0:00,-3392.525972
2022-12-25 0:00,890.2286268
2022-12-26 0:00,-800.4362622
2022-12-27 0:00,-1242.990644
2022-12-28 0:00,2296.809651
2022-12-29 0:00,4224.309258
2022-12-30 0:00,-626.7134353
2022-12-31 0:00,-198.8727582
2023-01-01 0:00,403.9594206
2023-01-02 0:00,-296.2904739
2023-01-03 0:00,-1276.976915
2023-01-04 0:00,2928.601819
2023-01-05 0:00,-107.139434
2023-01-06 0:00,271.9001755
2023-01-07 0:00,-183.3400888
2023-01-08 0:00,1782.32641
2023-01-09 0:00,-518.3841876
2023-01-10 0:00,-587.7834342
2023-01-11 0:00,1240.232076
2023-01-12 0:00,-1387.988248
2023-01-13 0:00,-1182.340321
2023-01-14 0:00,295.4073965
2023-01-15 0:00,-1179.594808
2023-01-16 0:00,1903.857977
2023-01-17 0:00,-2127.942584
2023-01-18 0:00,1351.473553
2023-01-19 0:00,-515.4159254
2023-01-20 0:00,990.3853558
2023-01-21 0:00,-918.0167157
2023-01-22 0:00,-991.0813479
2023-01-23 0:00,3228.43611
2023-01-24 0:00,-1070.916246
2023-01-25 0:00,-706.8225868
2023-01-26 0:00,1755.564098
2023-01-27 0:00,-172.8660884
2023-01-28 0:00,-539.8923307
2023-01-29 0:00,-1909.428525
2023-01-30 0:00,-142.2451992
2023-01-31 0:00,454.6585817
2023-02-01 0:00,755.568424
2023-02-02 0:00,658.0962874
2023-02-03 0:00,-691.8091044
2023-02-04 0:00,232.9237444
2023-02-05 0:00,-2523.898228
2023-02-06 0:00,788.4482532
2023-02-07 0:00,-241.6381748
2023-02-08 0:00,1591.670443
2023-02-09 0:00,-1130.522917
2023-02-10 0:00,-1029.920148
2023-02-11 0:00,-3073.892322
2023-02-12 0:00,758.736887
2023-02-13 0:00,1155.744119
2023-02-14 0:00,-2189.982648
2023-02-15 0:00,3198.851728
2023-02-16 0:00,-352.3814564
2023-02-17 0:00,559.2015156
2023-02-18 0:00,471.5465068
2023-02-19 0:00,-2473.720865
2023-02-20 0:00,665.3988286
2023-02-21 0:00,-1424.700316
2023-02-22 0:00,-165.8562789
2023-02-23 0:00,-731.4387848
2023-02-24 0:00,-828.2788886
2023-02-25 0:00,-46.73043094
2023-02-26 0:00,-478.1304044
2023-02-27 0:00,529.21053
2023-02-28 0:00,-566.5472594
2023-03-01 0:00,771.907734
2023-03-02 0:00,-139.9934568
2023-03-03 0:00,-1979.371588
2023-03-04 0:00,3219.451099
2023-03-05 0:00,-346.7235893
2023-03-06 0:00,-118.933256
2023-03-07 0:00,1838.040299
2023-03-08 0:00,1623.760489
2023-03-09 0:00,-1040.140445
2023-03-10 0:00,268.2038668
2023-03-11 0:00,523.0925788
2023-03-12 0:00,369.8404059
2023-03-13 0:00,304.6236918
2023-03-14 0:00,609.6558922
2023-03-15 0:00,-772.9362106
2023-03-16 0:00,-12.515684
2023-03-17 0:00,-705.283009
2023-03-18 0:00,720.0261657
2023-03-19 0:00,1632.02033
2023-03-20 0:00,-104.9396372
2023-03-21 0:00,-395.3668528
2023-03-22 0:00,1255.271854
2023-03-23 0:00,497.5865761
2023-03-24 0:00,914.9817406
2023-03-25 0:00,-1883.308789
2023-03-26 0:00,-1518.661148
2023-03-27 0:00,2711.006436
2023-03-28 0:00,944.0651164
2023-03-29 0:00,2600.26495
2023-03-30 0:00,-1294.932002
2023-03-31 0:00,3621.225825
2023-04-01 0:00,-1778.348444
2023-04-02 0:00,-2497.064823
2023-04-03 0:00,1630.856182
2023-04-04 0:00,-3541.106115
2023-04-05 0:00,1902.41882
2023-04-06 0:00,3260.463459
2023-04-07 0:00,-2214.037926
2023-04-08 0:00,-701.4541711
2023-04-09 0:00,1945.149585
2023-04-10 0:00,381.7272055
2023-04-11 0:00,136.7744101
2023-04-12 0:00,2256.16014
2023-04-13 0:00,78.2761657
2023-04-14 0:00,1528.600061
2023-04-15 0:00,348.0553179
2023-04-16 0:00,-1412.308765
2023-04-17 0:00,-1244.426224
2023-04-18 0:00,1482.121991
2023-04-19 0:00,-3532.582763
2023-04-20 0:00,-153.3571246
2023-04-21 0:00,2959.309459
2023-04-22 0:00,2280.551605
2023-04-23 0:00,936.4058077
2023-04-24 0:00,-1520.918211
2023-04-25 0:00,-1606.692977
2023-04-26 0:00,-15.82488968
2023-04-27 0:00,-490.2840249
2023-04-28 0:00,-910.9804065
2023-04-29 0:00,1717.304301
2023-04-30 0:00,1686.053164
2023-05-01 0:00,-377.0715073
2023-05-02 0:00,-4230.552666
2023-05-03 0:00,-2446.622543
2023-05-04 0:00,-2685.944936
2023-05-05 0:00,-2886.132402
2023-05-06 0:00,2800.999055
2023-05-07 0:00,-733.6951503
2023-05-08 0:00,-726.3855205
2023-05-09 0:00,1247.140005
2023-05-10 0:00,-5110.425069
2023-05-11 0:00,2492.683416
2023-05-12 0:00,1200.45679
2023-05-13 0:00,1996.310196
2023-05-14 0:00,-3638.833165
2023-05-15 0:00,1053.551901
2023-05-16 0:00,-640.4094535
2023-05-17 0:00,579.1888555
2023-05-18 0:00,-582.3624787
2023-05-19 0:00,-3155.252258
2023-05-20 0:00,-217.8114565
2023-05-21 0:00,1918.019878
2023-05-22 0:00,825.7917119
2023-05-23 0:00,-204.1623318
2023-05-24 0:00,-848.3414081
2023-05-25 0:00,-2080.780313
2023-05-26 0:00,1534.966419
2023-05-27 0:00,880.5834179
2023-05-28 0:00,-585.0702992
2023-05-29 0:00,-1421.803751
2023-05-30 0:00,-3401.438561
2023-05-31 0:00,-736.8539102
2023-06-01 0:00,5013.031976
2023-06-02 0:00,-789.6642616
2023-06-03 0:00,-1573.944832
2023-06-04 0:00,-2358.572934
2023-06-05 0:00,378.2610077
2023-06-06 0:00,3037.055423
2023-06-07 0:00,-1874.75513
2023-06-08 0:00,-784.5707465
2023-06-09 0:00,1910.943317
2023-06-10 0:00,1047.164204
2023-06-11 0:00,2306.813435
2023-06-12 0:00,-1621.033831
2023-06-13 0:00,-3558.771997
2023-06-14 0:00,-1162.696863
2023-06-15 0:00,2451.335803
2023-06-16 0:00,-2258.41895
2023-06-17 0:00,1052.381627
2023-06-18 0:00,-22.75662891
2023-06-19 0:00,721.9513277
2023-06-20 0:00,1655.064677
2023-06-21 0:00,-845.8516262
2023-06-22 0:00,313.2596323
2023-06-23 0:00,-1847.861634
2023-06-24 0:00,-2791.634131
2023-06-25 0:00,-2818.376821
2023-06-26 0:00,-959.123939
2023-06-27 0:00,3389.503723
2023-06-28 0:00,-1823.020462
2023-06-29 0:00,1499.26689
2023-06-30 0:00,654.3577906
2023-07-01 0:00,-38.51314204
2023-07-02 0:00,-2464.960963
2023-07-03 0:00,-2364.422158
2023-07-04 0:00,2756.655392
2023-07-05 0:00,-2277.822194
2023-07-06 0:00,3799.183986
2023-07-07 0:00,-17.93795326
2023-07-08 0:00,-2894.27486
2023-07-09 0:00,-1379.682722
2023-07-10 0:00,-441.7232866
2023-07-11 0:00,651.8011498
2023-07-12 0:00,406.6587017
2023-07-13 0:00,2236.619575
2023-07-14 0:00,1158.219507
2023-07-15 0:00,-1049.513839
2023-07-16 0:00,1456.769407
2023-07-17 0:00,1716.777537
2023-07-18 0:00,3068.862053
2023-07-19 0:00,230.739026
2023-07-20 0:00,790.5597073
2023-07-21 0:00,-959.5744274
2023-07-22 0:00,-549.452011
2023-07-23 0:00,-2516.923071
2023-07-24 0:00,1105.763505
2023-07-25 0:00,722.8045473
2023-07-26 0:00,-1373.385182
2023-07-27 0:00,551.2812148
2023-07-28 0:00,3603.71931
2023-07-29 0:00,-1282.224555
2023-07-30 0:00,-1129.980266
2023-07-31 0:00,1208.536207
2023-08-01 0:00,1793.366882
2023-08-02 0:00,1437.041798
2023-08-03 0:00,-500.503913
2023-08-04 0:00,-1816.260522
2023-08-05 0:00,1733.976779
2023-08-06 0:00,1527.260202
2023-08-07 0:00,-598.86777
2023-08-08 0:00,-4081.215072
2023-08-09 0:00,-185.2891828
2023-08-10 0:00,-1898.070523
2023-08-11 0:00,824.2024047
2023-08-12 0:00,-2291.13811
2023-08-13 0:00,-211.1214976
2023-08-14 0:00,-1925.381551
2023-08-15 0:00,-441.9156928
2023-08-16 0:00,-90.04604818
2023-08-17 0:00,2103.117528
2023-08-18 0:00,-60.51718008
2023-08-19 0:00,432.1364926
2023-08-20 0:00,2383.625258
2023-08-21 0:00,-1168.566086
2023-08-22 0:00,1453.264829
2023-08-23 0:00,-2054.354062
2023-08-24 0:00,-2597.810351
2023-08-25 0:00,1904.464152
2023-08-26 0:00,-1555.962013
2023-08-27 0:00,5252.264158
2023-08-28 0:00,-1822.416808
2023-08-29 0:00,1228.830412
2023-08-30 0:00,-1883.708752
2023-08-31 0:00,-568.0699403
2023-09-01 0:00,398.633481
2023-09-02 0:00,1219.833915
2023-09-03 0:00,-2654.353931
2023-09-04 0:00,-1854.416236
2023-09-05 0:00,-1551.324676
2023-09-06 0:00,-1609.836519
2023-09-07 0:00,-105.5416079
2023-09-08 0:00,-2833.3208
2023-09-09 0:00,2005.769288
2023-09-10 0:00,354.4678013
2023-09-11 0:00,1500.481703
2023-09-12 0:00,-1662.784958
2023-09-13 0:00,449.1406815
2023-09-14 0:00,-3298.848613
2023-09-15 0:00,-942.8467035
2023-09-16 0:00,2090.468025
2023-09-17 0:00,693.7872303
2023-09-18 0:00,2049.79014
2023-09-19 0:00,-2800.527974
2023-09-20 0:00,214.9951098
2023-09-21 0:00,3670.840728
2023-09-22 0:00,-2163.033848
2023-09-23 0:00,-617.2061157
2023-09-24 0:00,2689.335198
2023-09-25 0:00,-1917.122369
2023-09-26 0:00,-3719.518369
2023-09-27 0:00,1323.060237
2023-09-28 0:00,360.6193097
2023-09-29 0:00,-759.0816545
2023-09-30 0:00,3648.665442
2023-10-01 0:00,2470.813883
2023-10-02 0:00,-1622.747503
2023-10-03 0:00,196.5634216
2023-10-04 0:00,-1123.056296
2023-10-05 0:00,666.1470031
2023-10-06 0:00,1072.480054
2023-10-07 0:00,-4048.269818
2023-10-08 0:00,-681.572284
2023-10-09 0:00,2739.940041
2023-10-10 0:00,-633.3257721
2023-10-11 0:00,2307.322176
2023-10-12 0:00,4012.201259
2023-10-13 0:00,-2383.60534
2023-10-14 0:00,1177.445511
2023-10-15 0:00,-1010.230569
2023-10-16 0:00,161.5005577
2023-10-17 0:00,482.0389163
2023-10-18 0:00,-3686.389019
2023-10-19 0:00,-282.0960306
2023-10-20 0:00,2201.923621
2023-10-21 0:00,-46.33989929
2023-10-22 0:00,-5358.076378
2023-10-23 0:00,-3700.943348
2023-10-24 0:00,3265.04013
2023-10-25 0:00,726.0704838
2023-10-26 0:00,-196.8742784
2023-10-27 0:00,-1479.323738
2023-10-28 0:00,-1541.267796
2023-10-29 0:00,-3064.073658
2023-10-30 0:00,-4001.861039
2023-10-31 0:00,-2477.157557
2023-11-01 0:00,1446.613151
2023-11-02 0:00,-464.8672057
2023-11-03 0:00,-17.90429599
2023-11-04 0:00,-519.8681536
2023-11-05 0:00,3315.639748
2023-11-06 0:00,-2630.166553
2023-11-07 0:00,-2620.790014
2023-11-08 0:00,625.5518552
2023-11-09 0:00,2700.511606
2023-11-10 0:00,-1842.193111
2023-11-11 0:00,-3455.724131
2023-11-12 0:00,704.1286266
2023-11-13 0:00,-2314.782765
2023-11-14 0:00,2407.900039
2023-11-15 0:00,4223.558012
2023-11-16 0:00,-1458.226086
2023-11-17 0:00,-872.6473773
2023-11-18 0:00,-3728.613115
2023-11-19 0:00,-2806.388124
2023-11-20 0:00,4108.380619
2023-11-21 0:00,-942.3823017
2023-11-22 0:00,645.3347034
2023-11-23 0:00,2536.803329
2023-11-24 0:00,3826.84797
2023-11-25 0:00,-2268.843205
2023-11-26 0:00,2898.802727
2023-11-27 0:00,155.0945535
2023-11-28 0:00,-867.6252862
2023-11-29 0:00,2288.056473
2023-11-30 0:00,992.3726297
2023-12-01 0:00,-2378.849297
2023-12-02 0:00,-2022.180202
2023-12-03 0:00,3442.287705
2023-12-04 0:00,-1701.614156
2023-12-05 0:00,-2116.179646
2023-12-06 0:00,-1085.110253
2023-12-07 0:00,-25.65740083
2023-12-08 0:00,-596.1519669
2023-12-09 0:00,246.2852816
2023-12-10 0:00,-1218.945363
2023-12-11 0:00,-436.3470067
2023-12-12 0:00,907.1192743
2023-12-13 0:00,-1227.424217
2023-12-14 0:00,3553.746362
2023-12-15 0:00,408.6534598
2023-12-16 0:00,937.2350215
2023-12-17 0:00,-586.5913963
2023-12-18 0:00,-1909.088947
2023-12-19 0:00,1108.411543
2023-12-20 0:00,-5023.932614
2023-12-21 0:00,-2869.776369
2023-12-22 0:00,73.37032622
2023-12-23 0:00,-498.8697716
2023-12-24 0:00,-1769.360524
2023-12-25 0:00,-263.0290732
2023-12-26 0:00,-968.7787448
2023-12-27 0:00,1709.130846
2023-12-28 0:00,718.5821036
2023-12-29 0:00,255.9721899
2023-12-30 0:00,-49.95660614
2023-12-31 0:00,2622.383003
2024-01-01 0:00,455.7008405
2024-01-02 0:00,3007.615249
2024-01-03 0:00,805.1963335
2024-01-04 0:00,-1728.63743
2024-01-05 0:00,53.2473019
2024-01-06 0:00,-890.8709871
2024-01-07 0:00,62.28854148
2024-01-08 0:00,-809.211013
2024-01-09 0:00,-222.1205521
2024-01-10 0:00,-503.7606006
2024-01-11 0:00,-1029.584824
2024-01-12 0:00,1704.453431
2024-01-13 0:00,2584.282354
2024-01-14 0:00,-1183.193162
2024-01-15 0:00,2361.232319
2024-01-16 0:00,1965.752227
2024-01-17 0:00,-327.4185311
2024-01-18 0:00,-859.8753811
2024-01-19 0:00,2211.902659
2024-01-20 0:00,1078.988629
2024-01-21 0:00,451.9756649
2024-01-22 0:00,-762.0089237
2024-01-23 0:00,200.590747
2024-01-24 0:00,-600.1345708
2024-01-25 0:00,2669.806708
2024-01-26 0:00,-158.7171168
2024-01-27 0:00,385.4453725
2024-01-28 0:00,2508.6913
2024-01-29 0:00,373.6109569
2024-01-30 0:00,4058.794194
2024-01-31 0:00,-3577.822604
2024-02-01 0:00,1038.273245
2024-02-02 0:00,-1029.970167
2024-02-03 0:00,1019.257078
2024-02-04 0:00,294.3241613
2024-02-05 0:00,-518.0801956
2024-02-06 0:00,953.065692
2024-02-07 0:00,-1612.290137
2024-02-08 0:00,1356.750114
2024-02-09 0:00,-2183.70499
2024-02-10 0:00,-1585.053157
2024-02-11 0:00,849.7334099
2024-02-12 0:00,-1837.7208
2024-02-13 0:00,1182.10267
2024-02-14 0:00,-2974.676027
2024-02-15 0:00,-292.5749349
2024-02-16 0:00,-661.3778536
2024-02-17 0:00,1001.171147
2024-02-18 0:00,-1252.963464
2024-02-19 0:00,3049.343537
2024-02-20 0:00,-2040.466911
2024-02-21 0:00,-470.6070424
2024-02-22 0:00,971.5165711
2024-02-23 0:00,-31.25075479
2024-02-24 0:00,659.460477
2024-02-25 0:00,645.3130195
2024-02-26 0:00,221.8557529
2024-02-27 0:00,463.9313762
2024-02-28 0:00,-686.3305649
2024-02-29 0:00,2548.548778
2024-03-01 0:00,-418.2380303
2024-03-02 0:00,34.29167292
2024-03-03 0:00,-1362.479237
2024-03-04 0:00,690.9493435
2024-03-05 0:00,-372.8595744
2024-03-06 0:00,-103.7303516
2024-03-07 0:00,87.52068789
2024-03-08 0:00,2107.551092
2024-03-09 0:00,-518.8451063
2024-03-10 0:00,2076.503368
2024-03-11 0:00,1275.82009
2024-03-12 0:00,180.0681746
2024-03-13 0:00,-478.3844638
2024-03-14 0:00,5431.889517
2024-03-15 0:00,879.5297988
2024-03-16 0:00,-1156.377846
2024-03-17 0:00,3417.688607
2024-03-18 0:00,-2714.61738
2024-03-19 0:00,634.9910999
2024-03-20 0:00,954.5441865
2024-03-21 0:00,-3213.704587
2024-03-22 0:00,3192.82508
2024-03-23 0:00,-1196.501626
2024-03-24 0:00,287.2305795
2024-03-25 0:00,1187.958479
2024-03-26 0:00,-196.9205641
2024-03-27 0:00,-1180.946278
2024-03-28 0:00,-1124.018984
2024-03-29 0:00,2922.633907
2024-03-30 0:00,-723.5993477
2024-03-31 0:00,468.8787159
2024-04-01 0:00,1906.881743
2024-04-02 0:00,64.4967713
2024-04-03 0:00,1431.904103
2024-04-04 0:00,-1733.075203
2024-04-05 0:00,-2918.454898
2024-04-06 0:00,1890.961671
2024-04-07 0:00,1881.25603
2024-04-08 0:00,-1516.61176
2024-04-09 0:00,-2015.253045
2024-04-10 0:00,1891.474606
2024-04-11 0:00,-1798.805309
2024-04-12 0:00,-336.9390546
2024-04-13 0:00,1348.571756
2024-04-14 0:00,-2336.328626
2024-04-15 0:00,2489.853079
2024-04-16 0:00,-895.2540593
2024-04-17 0:00,-340.7740155
2024-04-18 0:00,585.7487644
2024-04-19 0:00,1338.369647
2024-04-20 0:00,1507.269201
2024-04-21 0:00,-2111.238547
2024-04-22 0:00,703.8424091
2024-04-23 0:00,-668.2347238
2024-04-24 0:00,-2789.053307
2024-04-25 0:00,-876.0173498
2024-04-26 0:00,1053.009354
2024-04-27 0:00,305.43219
2024-04-28 0:00,-1187.721955
2024-04-29 0:00,767.1369867
2024-04-30 0:00,-329.0729856
2024-05-01 0:00,1105.222203
2024-05-02 0:00,-1219.068609
2024-05-03 0:00,934.960826
2024-05-04 0:00,-797.8586239
2024-05-05 0:00,-888.3177887
2024-05-06 0:00,-693.3569321
2024-05-07 0:00,-3837.705059
2024-05-08 0:00,-2676.328116
2024-05-09 0:00,392.7891849
2024-05-10 0:00,-222.4289459
2024-05-11 0:00,-573.3863652
2024-05-12 0:00,-630.9445296
2024-05-13 0:00,-2034.322316
2024-05-14 0:00,-1402.898943
2024-05-15 0:00,-2413.823485
2024-05-16 0:00,3233.918697
2024-05-17 0:00,2539.944578
2024-05-18 0:00,-3181.036422
2024-05-19 0:00,657.6460745
2024-05-20 0:00,1632.395098
2024-05-21 0:00,-4222.685628
2024-05-22 0:00,-1077.043044
2024-05-23 0:00,-2068.732935
2024-05-24 0:00,841.4476983
2024-05-25 0:00,-273.5030735
2024-05-26 0:00,279.6675773
2024-05-27 0:00,-114.0812124
2024-05-28 0:00,-3655.030676
2024-05-29 0:00,450.1900331
2024-05-30 0:00,-165.6839783
2024-05-31 0:00,-2299.829344
2024-06-01 0:00,-266.417079
2024-06-02 0:00,-2027.305649
2024-06-03 0:00,-612.3608161
2024-06-04 0:00,810.1764517
2024-06-05 0:00,592.1772288
2024-06-06 0:00,667.0483427
2024-06-07 0:00,-3458.312903
2024-06-08 0:00,-62.67589437
2024-06-09 0:00,-2725.806889
2024-06-10 0:00,-563.594027
2024-06-11 0:00,-814.1429496
2024-06-12 0:00,1963.117168
2024-06-13 0:00,-1723.492842
2024-06-14 0:00,-2238.816816
2024-06-15 0:00,2434.944837
2024-06-16 0:00,-2478.059364
2024-06-17 0:00,-1497.294322
2024-06-18 0:00,-521.9262218
2024-06-19 0:00,3684.534626
2024-06-20 0:00,-1631.338603
2024-06-21 0:00,2515.721985
2024-06-22 0:00,3234.897491
2024-06-23 0:00,-2134.911032
2024-06-24 0:00,-853.2622521
2024-06-25 0:00,-306.5027845
2024-06-26 0:00,8218.074262
2024-06-27 0:00,853.3875447
2024-06-28 0:00,-2512.970871
2024-06-29 0:00,397.0732366
2024-06-30 0:00,4089.678961
2024-07-01 0:00,-2030.464869
2024-07-02 0:00,-1445.624091
2024-07-03 0:00,-2807.026889
2024-07-04 0:00,-2810.971002
2024-07-05 0:00,-161.3693165
2024-07-06 0:00,1011.938207
2024-07-07 0:00,-3157.207776
2024-07-08 0:00,-902.367036
2024-07-09 0:00,1583.46364
2024-07-10 0:00,1501.380689
2024-07-11 0:00,1900.908117
2024-07-12 0:00,-3058.450272
2024-07-13 0:00,1027.388944
2024-07-14 0:00,-1261.868537
2024-07-15 0:00,-2487.739035
2024-07-16 0:00,-1200.474886
2024-07-17 0:00,-1676.420133
2024-07-18 0:00,3749.600448
2024-07-19 0:00,-1301.947678
2024-07-20 0:00,314.351853
2024-07-21 0:00,-1667.742066
2024-07-22 0:00,-1460.011949
2024-07-23 0:00,992.4622292
2024-07-24 0:00,609.8978368
2024-07-25 0:00,2075.309498
2024-07-26 0:00,1570.039535
2024-07-27 0:00,1729.66304
2024-07-28 0:00,630.9585702
2024-07-29 0:00,439.4275702
2024-07-30 0:00,955.0434309
2024-07-31 0:00,-189.7251245
2024-08-01 0:00,-1285.720113
2024-08-02 0:00,685.4773696
2024-08-03 0:00,4549.498609
2024-08-04 0:00,401.5980332
2024-08-05 0:00,1669.100984
2024-08-06 0:00,1463.981002
2024-08-07 0:00,-1392.505729
2024-08-08 0:00,-210.8982662
2024-08-09 0:00,2275.204387
2024-08-10 0:00,-2649.074341
2024-08-11 0:00,89.75844947
2024-08-12 0:00,-1537.786039
2024-08-13 0:00,3398.102867
2024-08-14 0:00,-1965.838723
2024-08-15 0:00,-880.6897253
2024-08-16 0:00,2360.776542
2024-08-17 0:00,1630.256029
2024-08-18 0:00,-2088.146052
2024-08-19 0:00,-363.4052937
2024-08-20 0:00,-779.8501155
2024-08-21 0:00,-111.9587047
2024-08-22 0:00,-2609.131297
2024-08-23 0:00,-967.8791364
2024-08-24 0:00,-561.0605275
2024-08-25 0:00,-4506.40859
2024-08-26 0:00,-1597.700511
2024-08-27 0:00,1193.129112
2024-08-28 0:00,-4142.176746
2024-08-29 0:00,1077.74824
2024-08-30 0:00,-760.8136386
2024-08-31 0:00,-594.4598659
2024-09-01 0:00,-3006.121359
2024-09-02 0:00,2461.779352
2024-09-03 0:00,109.212381
2024-09-04 0:00,30.42299983
2024-09-05 0:00,-1583.00328
2024-09-06 0:00,-726.5741386
2024-09-07 0:00,3014.156216
2024-09-08 0:00,-2372.004037
2024-09-09 0:00,-259.7916206
2024-09-10 0:00,574.2408695
2024-09-11 0:00,156.520521
2024-09-12 0:00,-2101.767368
2024-09-13 0:00,3365.619984
2024-09-14 0:00,272.9130171
2024-09-15 0:00,798.1210149
2024-09-16 0:00,-300.5499984
2024-09-17 0:00,397.6295914
2024-09-18 0:00,456.8028304
2024-09-19 0:00,-2481.75978
2024-09-20 0:00,3590.339122
2024-09-21 0:00,3043.217243
2024-09-22 0:00,-1208.908768
2024-09-23 0:00,1483.196954
2024-09-24 0:00,-252.6439233
2024-09-25 0:00,-778.056209
2024-09-26 0:00,-1150.986645
2024-09-27 0:00,1516.030782
2024-09-28 0:00,-928.1626596
2024-09-29 0:00,-739.284218
2024-09-30 0:00,-1769.879865
2024-10-01 0:00,-381.6502087
2024-10-02 0:00,3025.671345
2024-10-03 0:00,772.5197118
2024-10-04 0:00,1941.110403
2024-10-05 0:00,-2901.760176
2024-10-06 0:00,-4022.057381
2024-10-07 0:00,-1510.115659
2024-10-08 0:00,-3211.579876
2024-10-09 0:00,-2767.859283
2024-10-10 0:00,-1035.062759
2024-10-11 0:00,-104.5763037
2024-10-12 0:00,384.9214939
2024-10-13 0:00,-1836.767246
2024-10-14 0:00,978.3422899
2024-10-15 0:00,-1606.227982
2024-10-16 0:00,668.3533257
2024-10-17 0:00,-1212.547115
2024-10-18 0:00,5171.09492
2024-10-19 0:00,-3663.503868
2024-10-20 0:00,1084.081643
2024-10-21 0:00,-147.4662312
2024-10-22 0:00,-3318.754816
2024-10-23 0:00,301.6491232
2024-10-24 0:00,-408.3924598
2024-10-25 0:00,4974.370922
2024-10-26 0:00,316.5070777
2024-10-27 0:00,1930.536204
2024-10-28 0:00,-3527.908018
2024-10-29 0:00,-1119.515335
2024-10-30 0:00,-2821.656499
2024-10-31 0:00,1295.780879
2024-11-01 0:00,718.3087831
2024-11-02 0:00,-261.8677985
2024-11-03 0:00,48.35421197
2024-11-04 0:00,352.5313325
2024-11-05 0:00,-308.4377565
2024-11-06 0:00,-1834.660761
2024-11-07 0:00,-115.7347967
2024-11-08 0:00,3758.074819
2024-11-09 0:00,-684.1114967
2024-11-10 0:00,882.9113226
2024-11-11 0:00,316.0276315
2024-11-12 0:00,-1824.410067
2024-11-13 0:00,-3308.413465
2024-11-14 0:00,1373.64603
2024-11-15 0:00,2126.650058
2024-11-16 0:00,-2493.221397
2024-11-17 0:00,1727.814344
2024-11-18 0:00,-2608.586236
2024-11-19 0:00,-859.296558
2024-11-20 0:00,2827.397148
2024-11-21 0:00,-669.5731162
2024-11-22 0:00,-2446.507291
2024-11-23 0:00,-2021.072882
2024-11-24 0:00,-3042.682922
2024-11-25 0:00,-3448.20574
2024-11-26 0:00,-4109.367569
2024-11-27 0:00,-1145.606162
2024-11-28 0:00,-1217.926581
2024-11-29 0:00,-2695.63623
2024-11-30 0:00,-1231.829475
2024-12-01 0:00,300.9430649
2024-12-02 0:00,-234.0377222
2024-12-03 0:00,1968.573645
2024-12-04 0:00,3294.729479
2024-12-05 0:00,2414.524572
2024-12-06 0:00,-2361.587761
2024-12-07 0:00,754.8279648
2024-12-08 0:00,5734.689898
2024-12-09 0:00,-67.99448108
2024-12-10 0:00,-2233.641213
2024-12-11 0:00,881.00346
2024-12-12 0:00,2285.867967
2024-12-13 0:00,791.9336769
2024-12-14 0:00,725.8463709
2024-12-15 0:00,-1400.822782
2024-12-16 0:00,381.0579058
2024-12-17 0:00,2758.576754
2024-12-18 0:00,2478.12539
2024-12-19 0:00,5385.653362
2024-12-20 0:00,1345.769979
2024-12-21 0:00,-168.5856442
2024-12-22 0:00,1448.020017
2024-12-23 0:00,-1521.387285
2024-12-24 0:00,5369.237425
2024-12-25 0:00,-106.4068329
2024-12-26 0:00,-578.2469627
2024-12-27 0:00,-1195.122701
2024-12-28 0:00,-892.899267
2024-12-29 0:00,-977.8151041
2024-12-30 0:00,-1085.963834
2024-12-31 0:00,-1377.066713
